Date,Solar radiation (W/m2),Air temperature (C),Vapour pressure (mb),Wind Speed (m/s),Cloudiness (-)
2017-11-01 00:00,0,1.273,6.122,1.731,0
2017-11-01 06:00,82.5,3.218,6.108,1.177,0
2017-11-01 12:00,2.5,3.315,7.597,1.933,0
2017-11-01 18:00,0,3.318,7.576,1.297,0.01
2017-11-02 00:00,0,2.422,7.577,1.609,0
2017-11-02 06:00,122.5,3.815,6.1,5.845,0.06
2017-11-02 12:00,2.5,0.837,4.605,3.243,0
2017-11-02 18:00,0,-1.278,4.612,1.186,0
2017-11-03 00:00,0,-1.321,4.602,1.495,0
2017-11-03 06:00,130,1.672,6.127,2.804,0
2017-11-03 12:00,0,2.301,6.109,2.442,0
2017-11-03 18:00,0,0.883,6.098,2.775,0
2017-11-04 00:00,0,0.433,6.092,2.649,0
2017-11-04 06:00,115,2.666,6.095,2.748,0
2017-11-04 12:00,2.5,1.805,6.096,2.316,0
2017-11-04 18:00,0,2.129,7.614,2.571,0
2017-11-05 00:00,0,2.373,6.086,2.774,0
2017-11-05 06:00,15,3.299,7.596,2.174,0
2017-11-05 12:00,0,4.331,7.593,1.873,0.11
2017-11-05 18:00,0,2.435,6.093,3.086,0
2017-11-06 00:00,0,1.734,6.124,4.495,0
2017-11-06 06:00,102.5,1.802,6.164,3.333,0.0025
2017-11-06 12:00,0,-0.962,4.644,2.054,0
2017-11-06 18:00,0,-2.541,4.658,1.775,0
2017-11-07 00:00,0,-1.642,4.661,2.096,0
2017-11-07 06:00,82.5,1.008,6.218,3.01,0
2017-11-07 12:00,0,0.66,6.219,2.817,0.0275
2017-11-07 18:00,0,-0.135,6.223,2.89,0.005
2017-11-08 00:00,0,0.274,6.219,2.673,0
2017-11-08 06:00,80,2.018,6.219,4.063,0
2017-11-08 12:00,0,1.231,6.214,3.035,0
2017-11-08 18:00,0,0.583,6.198,4.429,0
2017-11-09 00:00,0,2.822,6.157,7.1,0
2017-11-09 06:00,17.5,4.626,7.622,8.648,0
2017-11-09 12:00,0,3.397,6.074,5.593,0
2017-11-09 18:00,0,1.227,4.558,5.308,0
2017-11-10 00:00,0,-1.943,4.553,2.813,0
2017-11-10 06:00,87.5,-0.369,4.546,2.843,0
2017-11-10 12:00,0,-1.741,4.537,0.713,0.0375
2017-11-10 18:00,0,-2.726,4.531,0.865,0
2017-11-11 00:00,0,-2.411,4.523,1.637,0
2017-11-11 06:00,65,-2.769,4.52,2.137,0
2017-11-11 12:00,0,-3.04,3.016,2.682,0
2017-11-11 18:00,0,-3.956,3.017,2.099,0
2017-11-12 00:00,0,-3.978,3.017,1.799,0
2017-11-12 06:00,82.5,-1.517,4.534,2.168,0
2017-11-12 12:00,0,-1.789,4.547,1.959,0
2017-11-12 18:00,0,-2.907,4.572,3.307,0
2017-11-13 00:00,0,-2.021,4.594,3.921,0
2017-11-13 06:00,85,-1.121,4.615,3.903,0
2017-11-13 12:00,0,-2.004,4.621,3.468,0
2017-11-13 18:00,0,-4.596,3.081,2.194,0
2017-11-14 00:00,0,-5.242,3.073,1.161,0
2017-11-14 06:00,52.5,-3.504,4.598,2.176,0
2017-11-14 12:00,0,-2.481,4.597,2.171,0
2017-11-14 18:00,0,-3.199,4.606,2.303,0
2017-11-15 00:00,0,-4.029,4.603,2.152,0
2017-11-15 06:00,57.5,0.239,4.606,4.643,0
2017-11-15 12:00,0,-1.221,4.624,4.266,0
2017-11-15 18:00,0,-1.533,4.638,3.834,0
2017-11-16 00:00,0,-2.382,4.647,2.107,0
2017-11-16 06:00,70,-1.976,4.639,2.224,0
2017-11-16 12:00,0,0.127,6.148,4.424,0
2017-11-16 18:00,0,2.676,7.62,4.559,0
2017-11-17 00:00,0,0.221,4.58,5.039,0
2017-11-17 06:00,70,-0.587,4.586,5.32,0
2017-11-17 12:00,0,1.17,4.582,5.306,0.065
2017-11-17 18:00,0,-0.539,4.574,4.19,0
2017-11-18 00:00,0,-2.425,4.553,2.037,0
2017-11-18 06:00,65,-3.31,4.544,1.409,0
2017-11-18 12:00,0,-4.335,4.539,0.041,0
2017-11-18 18:00,0,-3.618,4.547,2.326,0
2017-11-19 00:00,0,-4.869,3.041,4.114,0
2017-11-19 06:00,50,-5.577,3.051,4.335,0
2017-11-19 12:00,0,-5.914,3.059,3.46,0
2017-11-19 18:00,0,-6.997,3.063,3.25,0
2017-11-20 00:00,0,-7.697,3.066,2.695,0
2017-11-20 06:00,55,-7.826,3.069,2.293,0
2017-11-20 12:00,0,-8.986,3.068,1.438,0
2017-11-20 18:00,0,-9.787,3.069,1.217,0
2017-11-21 00:00,0,-9.996,3.069,1.576,0
2017-11-21 06:00,47.5,-9.97,3.071,1.803,0
2017-11-21 12:00,0,-10.987,1.535,1.501,0
2017-11-21 18:00,0,-11.903,1.534,0.894,0
2017-11-22 00:00,0,-11.167,1.532,1.427,0
2017-11-22 06:00,22.5,-9.168,3.063,3.13,0
2017-11-22 12:00,0,-3.664,4.585,6.016,0
2017-11-22 18:00,0,-0.978,6.076,7.161,0
2017-11-23 00:00,0,2.054,7.537,5.773,0
2017-11-23 06:00,12.5,3.516,7.516,6.507,0
2017-11-23 12:00,0,4.787,7.501,6.609,0.065
2017-11-23 18:00,0,3.847,7.509,7.089,0.16
2017-11-24 00:00,0,0.137,6.038,4.739,0.0575
2017-11-24 06:00,50,-0.702,4.548,5.171,0
2017-11-24 12:00,0,-1.827,4.558,4.777,0
2017-11-24 18:00,0,-2.817,4.568,3.809,0
2017-11-25 00:00,0,-4.289,4.57,2.758,0
2017-11-25 06:00,40,-3.702,4.57,3.501,0
2017-11-25 12:00,0,-1.988,4.573,3.712,0.02
2017-11-25 18:00,0,-3.369,4.574,2.987,0
2017-11-26 00:00,0,-2.424,4.571,3.182,0
2017-11-26 06:00,22.5,-2.141,4.57,3.21,0
2017-11-26 12:00,0,-1.747,4.568,2.198,0.015
2017-11-26 18:00,0,-3.367,4.57,0.76,0
2017-11-27 00:00,0,-4.466,4.572,1.391,0
2017-11-27 06:00,27.5,-4.923,4.579,1.393,0
2017-11-27 12:00,0,-5.691,3.053,0.568,0
2017-11-27 18:00,0,-5.727,3.054,1.738,0
2017-11-28 00:00,0,-5.432,4.576,2.993,0
2017-11-28 06:00,15,-5.147,4.581,3.644,0
2017-11-28 12:00,0,-4.941,4.58,3.638,0
2017-11-28 18:00,0,-5.213,4.582,3.233,0
2017-11-29 00:00,0,-5.417,3.054,3.582,0.095
2017-11-29 06:00,15,-5.789,3.054,3.076,0
2017-11-29 12:00,0,-5.478,3.052,2.898,0
2017-11-29 18:00,0,-4.691,4.576,2.53,0
2017-11-30 00:00,0,-4.731,4.58,2.122,0
2017-11-30 06:00,15,-4.943,4.596,2.294,0
2017-11-30 12:00,0,-5.011,4.616,2.786,0
2017-11-30 18:00,0,-6.726,3.09,2.559,0
2017-12-01 00:00,0,-7.023,3.094,2.924,0
2017-12-01 06:00,27.5,-6.762,3.095,2.727,0
2017-12-01 12:00,0,-7.721,3.089,1.946,0
2017-12-01 18:00,0,-7.483,3.085,1.473,0
2017-12-02 00:00,0,-5.1,3.081,2.44,0
2017-12-02 06:00,22.5,-2.495,4.618,2.583,0
2017-12-02 12:00,0,-1.005,4.605,2.652,0
2017-12-02 18:00,0,-0.236,6.123,2.578,0
2017-12-03 00:00,0,0.572,6.108,3.333,0.13
2017-12-03 06:00,20,-1.487,4.584,3.521,0
2017-12-03 12:00,0,-1.754,4.589,4.259,0
2017-12-03 18:00,0,-2.559,4.605,3.564,0
2017-12-04 00:00,0,-3.133,4.616,3.272,0
2017-12-04 06:00,25,-3.901,4.629,2.413,0
2017-12-04 12:00,0,-4.247,4.632,2.365,0.03
2017-12-04 18:00,0,-5.327,3.088,1.789,0
2017-12-05 00:00,0,-5.01,3.075,1.774,0
2017-12-05 06:00,20,-3.707,4.593,2.549,0
2017-12-05 12:00,0,-3.861,4.6,3.152,0
2017-12-05 18:00,0,-4.253,3.075,2.657,0
2017-12-06 00:00,0,-4.143,3.074,1.783,0
2017-12-06 06:00,15,-5.34,3.072,1.164,0
2017-12-06 12:00,0,-5.052,3.069,0.022,0
2017-12-06 18:00,0,-4.445,4.586,2.182,0
2017-12-07 00:00,0,-2.099,4.559,3.547,0
2017-12-07 06:00,0,1.838,7.54,4.839,0
2017-12-07 12:00,0,3.941,7.475,6.365,0
2017-12-07 18:00,0,2.209,5.964,6.754,0.125
2017-12-08 00:00,0,1.679,5.933,6.941,0.02
2017-12-08 06:00,17.5,0.197,4.451,5.287,0
2017-12-08 12:00,0,-1.373,4.459,3.05,0
2017-12-08 18:00,0,-2.811,4.47,2.327,0
2017-12-09 00:00,0,-2.925,4.478,2.464,0
2017-12-09 06:00,10,-2.151,4.492,3.769,0
2017-12-09 12:00,0,-2.963,4.503,2.318,0
2017-12-09 18:00,0,-5.92,3.005,1.142,0
2017-12-10 00:00,0,-6.755,3.002,0.892,0
2017-12-10 06:00,12.5,-6.26,3.003,0.854,0
2017-12-10 12:00,0,-6.847,3.003,1.412,0.0325
2017-12-10 18:00,0,-7.418,3.007,0.867,0
2017-12-11 00:00,0,-5.622,4.524,1.818,0
2017-12-11 06:00,12.5,-5.483,4.543,1.493,0
2017-12-11 12:00,0,-5.991,3.036,1.704,0
2017-12-11 18:00,0,-6.829,3.034,1.694,0
2017-12-12 00:00,0,-6.128,3.029,2.409,0
2017-12-12 06:00,12.5,-7.046,3.023,3.224,0
2017-12-12 12:00,0,-8.01,3.021,2.808,0
2017-12-12 18:00,0,-10.23,3.016,1.76,0
2017-12-13 00:00,0,-9.092,3.015,2.182,0
2017-12-13 06:00,10,-7.26,3.014,2.471,0
2017-12-13 12:00,0,-5.994,3.009,3.392,0
2017-12-13 18:00,0,-4.519,4.502,3.512,0
2017-12-14 00:00,0,-2.371,4.494,2.3,0
2017-12-14 06:00,5,-2.901,4.494,1.708,0
2017-12-14 12:00,0,-3.25,4.495,1.351,0
2017-12-14 18:00,0,-4.185,4.499,2.334,0
2017-12-15 00:00,0,-4.665,4.503,3.284,0
2017-12-15 06:00,7.5,-4.659,4.515,3.39,0
2017-12-15 12:00,0,-4.942,4.528,3.339,0
2017-12-15 18:00,0,-5.023,4.54,3.143,0
2017-12-16 00:00,0,-5.651,3.034,2.73,0.0175
2017-12-16 06:00,5,-6.183,3.045,3.011,0
2017-12-16 12:00,0,-7.529,3.056,2.564,0
2017-12-16 18:00,0,-7.922,3.067,1.846,0
2017-12-17 00:00,0,-7.72,3.074,1.891,0
2017-12-17 06:00,10,-8.009,3.077,1.464,0
2017-12-17 12:00,0,-7.624,3.074,1.592,0
2017-12-17 18:00,0,-7.113,3.074,2.455,0
2017-12-18 00:00,0,-4.055,4.617,3.087,0
2017-12-18 06:00,2.5,-2.292,4.638,2.928,0
2017-12-18 12:00,0,-2.357,4.655,2.629,0
2017-12-18 18:00,0,-4.032,3.113,1.562,0
2017-12-19 00:00,0,-5.421,3.115,0.995,0
2017-12-19 06:00,7.5,-3.88,3.122,1.372,0
2017-12-19 12:00,0,-1.708,4.679,1.706,0
2017-12-19 18:00,0,-1.61,4.679,1.967,0
2017-12-20 00:00,0,1.383,6.222,2.305,0
2017-12-20 06:00,2.5,1.793,6.203,2.74,0
2017-12-20 12:00,0,2.03,6.202,2.935,0
2017-12-20 18:00,0,-3.362,4.661,1.515,0
2017-12-21 00:00,0,-3.81,4.654,1.819,0
2017-12-21 06:00,10,-2.571,4.65,3.412,0
2017-12-21 12:00,0,-2.945,4.647,3.174,0
2017-12-21 18:00,0,-2.712,4.641,4.175,0
2017-12-22 00:00,0,-2.086,4.64,4.873,0
2017-12-22 06:00,7.5,-2.398,4.647,4.028,0.035
2017-12-22 12:00,0,-4.478,3.1,2.383,0
2017-12-22 18:00,0,-2.061,4.627,2.982,0
2017-12-23 00:00,0,1.229,6.105,3.751,0
2017-12-23 06:00,7.5,2.339,6.073,7.094,0
2017-12-23 12:00,0,0.042,6.061,3.532,0
2017-12-23 18:00,0,-2.339,4.547,2.801,0
2017-12-24 00:00,0,-3.184,4.563,2.629,0
2017-12-24 06:00,7.5,-2.156,4.566,3.045,0
2017-12-24 12:00,0,-3.869,4.557,1.749,0
2017-12-24 18:00,0,-5.153,3.04,0.869,0
2017-12-25 00:00,0,-4.417,4.554,1.686,0
2017-12-25 06:00,5,-2,4.542,2.113,0
2017-12-25 12:00,0,-1.242,6.037,2.804,0
2017-12-25 18:00,0,-4.121,4.539,2.238,0
2017-12-26 00:00,0,-5.689,3.025,1.957,0
2017-12-26 06:00,0,-4.768,4.522,2.665,0
2017-12-26 12:00,0,-3.147,4.493,5.124,0
2017-12-26 18:00,0,-1.635,4.473,3.443,0.0375
2017-12-27 00:00,0,-2.082,4.474,2.823,0.01
2017-12-27 06:00,10,-3.172,4.49,1.415,0
2017-12-27 12:00,0,-4.501,4.505,0.956,0.045
2017-12-27 18:00,0,-4.414,4.516,1.449,0.0125
2017-12-28 00:00,0,-2.641,4.516,2.701,0
2017-12-28 06:00,0,-2.01,4.518,3.033,0
2017-12-28 12:00,0,-1.136,6.024,1.898,0.0525
2017-12-28 18:00,0,-1.524,6.036,1.039,0
2017-12-29 00:00,0,-2.451,4.528,1.015,0
2017-12-29 06:00,5,-2.717,4.526,0.654,0.02
2017-12-29 12:00,0,-3.516,4.53,1.94,0.0175
2017-12-29 18:00,0,-3.744,4.539,2.007,0.02
2017-12-30 00:00,0,-6.843,3.028,1.636,0
2017-12-30 06:00,10,-8.278,3.03,1.576,0
2017-12-30 12:00,0,-8.019,3.031,0.968,0
2017-12-30 18:00,0,-8.197,3.028,1.217,0
2017-12-31 00:00,0,-6.967,3.031,0.607,0
2017-12-31 06:00,5,-5.941,4.548,1.312,0
2017-12-31 12:00,0,-3.691,4.54,2.052,0
2017-12-31 18:00,0,-2.503,4.523,3.34,0
2018-01-01 00:00,0,-1.009,6.012,3.346,0.075
2018-01-01 06:00,2.5,0.032,6.005,3.194,0.0325
2018-01-01 12:00,0,0.067,6.003,2.771,0.0125
2018-01-01 18:00,0,-0.534,6.011,2.108,0
2018-01-02 00:00,0,-1.222,6.02,1.4,0
2018-01-02 06:00,7.5,-2.543,4.533,1.621,0
2018-01-02 12:00,0,-4.305,4.548,2.006,0
2018-01-02 18:00,0,-6.417,3.036,0.97,0
2018-01-03 00:00,0,-7.852,3.027,0.798,0
2018-01-03 06:00,5,-5.361,4.535,2.534,0
2018-01-03 12:00,0,-4.713,4.535,3.012,0.0325
2018-01-03 18:00,0,-3.566,4.542,3.073,0.02
2018-01-04 00:00,0,-2.804,4.545,3.095,0.04
2018-01-04 06:00,5,-2.53,4.548,3.666,0.0125
2018-01-04 12:00,0,-2.995,4.545,4.282,0
2018-01-04 18:00,0,-3.352,4.54,4.605,0
2018-01-05 00:00,0,-4.382,4.533,3.63,0
2018-01-05 06:00,5,-5.286,4.537,3.936,0
2018-01-05 12:00,0,-7.095,3.027,3.531,0
2018-01-05 18:00,0,-8.573,3.03,3.309,0
2018-01-06 00:00,0,-8.779,3.035,3.711,0
2018-01-06 06:00,12.5,-7.466,3.052,3.594,0
2018-01-06 12:00,0,-7.489,3.069,3.371,0.0175
2018-01-06 18:00,0,-8.565,3.086,3.676,0
2018-01-07 00:00,0,-9.792,1.547,2.63,0
2018-01-07 06:00,12.5,-7.008,3.092,6.178,0
2018-01-07 12:00,0,-3.457,3.095,7.568,0
2018-01-07 18:00,0,-4.905,3.111,4.601,0
2018-01-08 00:00,0,-5.681,3.123,1.853,0
2018-01-08 06:00,12.5,-4.388,3.132,2.541,0
2018-01-08 12:00,0,-3.377,4.702,2.187,0
2018-01-08 18:00,0,-5.684,3.136,1.495,0
2018-01-09 00:00,0,-6.198,3.134,1.523,0
2018-01-09 06:00,17.5,-7.106,3.132,1.239,0
2018-01-09 12:00,0,-7.732,1.564,0.56,0
2018-01-09 18:00,0,-8.543,1.561,0.09,0
2018-01-10 00:00,0,-7.67,1.559,0.224,0
2018-01-10 06:00,17.5,-7.143,1.558,0.837,0
2018-01-10 12:00,0,-6.588,3.113,1.331,0
2018-01-10 18:00,0,-7.121,3.114,1.609,0
2018-01-11 00:00,0,-8.333,1.558,1.314,0
2018-01-11 06:00,15,-7.39,3.123,1.057,0
2018-01-11 12:00,0,-7.253,3.13,0.853,0
2018-01-11 18:00,0,-7.32,3.139,0.552,0
2018-01-12 00:00,0,-6.168,3.148,0.206,0
2018-01-12 06:00,12.5,-5.834,3.156,0.242,0
2018-01-12 12:00,0,-5.715,3.159,0.404,0
2018-01-12 18:00,0,-6.539,3.159,0.782,0
2018-01-13 00:00,0,-7.545,3.156,1.115,0.0025
2018-01-13 06:00,12.5,-7.712,3.154,1.512,0.0025
2018-01-13 12:00,0,-7.825,3.15,1.733,0.0075
2018-01-13 18:00,0,-8.07,3.145,1.763,0
2018-01-14 00:00,0,-8.319,3.138,2.516,0.005
2018-01-14 06:00,17.5,-7.854,3.131,3.498,0.0125
2018-01-14 12:00,0,-7.473,3.121,4.442,0
2018-01-14 18:00,0,-6.429,3.109,6.161,0
2018-01-15 00:00,0,-5.966,3.094,7.085,0
2018-01-15 06:00,12.5,-6.334,3.078,6.908,0
2018-01-15 12:00,0,-5.774,3.057,7.263,0
2018-01-15 18:00,0,-5.058,3.035,7.676,0
2018-01-16 00:00,0,-3.029,4.518,7.418,0
2018-01-16 06:00,10,-2.526,4.492,7.941,0
2018-01-16 12:00,0,-2.124,4.482,6.335,0
2018-01-16 18:00,0,-2.345,4.492,4.553,0.01
2018-01-17 00:00,0,-2.397,4.499,3.184,0.055
2018-01-17 06:00,12.5,-3.996,4.511,3.82,0
2018-01-17 12:00,0,-4.895,4.521,3.725,0
2018-01-17 18:00,0,-6.688,3.022,3.43,0
2018-01-18 00:00,0,-8.271,3.021,2.448,0
2018-01-18 06:00,17.5,-7.834,3.024,2.415,0
2018-01-18 12:00,0,-8.227,3.025,1.946,0
2018-01-18 18:00,0,-8.68,3.03,1.541,0
2018-01-19 00:00,0,-9.302,3.031,1.475,0
2018-01-19 06:00,17.5,-7.917,3.043,1.616,0
2018-01-19 12:00,0,-6.543,3.051,2.346,0
2018-01-19 18:00,0,-6.807,3.056,2.285,0.0075
2018-01-20 00:00,0,-5.872,3.059,2.398,0
2018-01-20 06:00,20,-7.04,3.061,1.747,0
2018-01-20 12:00,0,-6.494,3.064,1.632,0
2018-01-20 18:00,0,-7.405,3.068,1.064,0
2018-01-21 00:00,0,-9.427,3.07,0.29,0
2018-01-21 06:00,32.5,-9.953,3.075,1.167,0
2018-01-21 12:00,0,-9.313,3.08,1.39,0.03
2018-01-21 18:00,0,-10.457,3.075,1.343,0
2018-01-22 00:00,0,-11.448,3.068,0.868,0
2018-01-22 06:00,37.5,-12.098,1.534,0.327,0
2018-01-22 12:00,0,-11.634,3.068,0.375,0
2018-01-22 18:00,0,-13.373,1.535,0.944,0
2018-01-23 00:00,0,-9.596,3.081,2.262,0
2018-01-23 06:00,20,-6.507,3.083,4.084,0
2018-01-23 12:00,0,-3.192,4.61,4.346,0
2018-01-23 18:00,0,-1.863,4.579,6.019,0
2018-01-24 00:00,0,0.114,6.052,5.241,0
2018-01-24 06:00,22.5,0.205,6.057,3.854,0
2018-01-24 12:00,0,-0.053,6.028,4.955,0
2018-01-24 18:00,0,2.42,5.988,7.79,0.0025
2018-01-25 00:00,0,2.493,5.967,9.375,0
2018-01-25 06:00,37.5,1.603,6.013,7.61,0
2018-01-25 12:00,0,0.871,6.064,5.519,0.005
2018-01-25 18:00,0,-1.641,4.577,3.673,0
2018-01-26 00:00,0,-1.416,4.591,2.664,0
2018-01-26 06:00,30,-2.866,4.608,2.241,0.015
2018-01-26 12:00,2.5,-3.99,4.621,1.965,0.0075
2018-01-26 18:00,0,-5.238,3.089,1.674,0
2018-01-27 00:00,0,-6.326,3.096,2.028,0
2018-01-27 06:00,55,-6.84,3.103,1.412,0
2018-01-27 12:00,2.5,-6.712,3.098,1.429,0
2018-01-27 18:00,0,-5.611,4.614,3.687,0
2018-01-28 00:00,0,-3.25,4.581,4.384,0
2018-01-28 06:00,22.5,-2.785,4.573,2.194,0
2018-01-28 12:00,2.5,-2.253,4.578,1.248,0
2018-01-28 18:00,0,-4.493,4.591,0.735,0
2018-01-29 00:00,0,-5.197,4.592,1.021,0
2018-01-29 06:00,35,-4.099,4.583,1.518,0
2018-01-29 12:00,2.5,-3.278,4.576,1.18,0
2018-01-29 18:00,0,-4.511,4.582,1.331,0
2018-01-30 00:00,0,-5.583,3.064,0.805,0
2018-01-30 06:00,55,-6.881,3.068,1.113,0
2018-01-30 12:00,7.5,-7.039,3.069,1.24,0
2018-01-30 18:00,0,-9.007,3.061,1.491,0
2018-01-31 00:00,0,-5.973,4.577,3.059,0
2018-01-31 06:00,25,-2.752,4.561,4.298,0
2018-01-31 12:00,2.5,-2.004,4.535,4.702,0
2018-01-31 18:00,0,-1.617,4.513,4.863,0
2018-02-01 00:00,0,-1.255,6.004,4.173,0
2018-02-01 06:00,32.5,-2.537,4.522,4.56,0
2018-02-01 12:00,7.5,-5.011,4.541,3.957,0.02
2018-02-01 18:00,0,-8.469,3.042,4.697,0
2018-02-02 00:00,0,-11.886,1.523,4.342,0
2018-02-02 06:00,57.5,-13.374,1.525,4.151,0
2018-02-02 12:00,10,-12.96,1.527,3.424,0
2018-02-02 18:00,0,-13.677,1.529,3.357,0
2018-02-03 00:00,0,-13.767,1.53,3.039,0
2018-02-03 06:00,55,-11.129,1.538,3.501,0
2018-02-03 12:00,10,-9.945,3.086,3.322,0
2018-02-03 18:00,0,-11.794,1.548,3.062,0
2018-02-04 00:00,0,-13.121,1.552,2.69,0
2018-02-04 06:00,77.5,-12.154,1.561,1.733,0
2018-02-04 12:00,22.5,-12.797,1.563,0.926,0
2018-02-04 18:00,0,-14.406,1.562,0.802,0
2018-02-05 00:00,0,-12.435,1.564,1.087,0
2018-02-05 06:00,75,-8.886,3.134,1.182,0
2018-02-05 12:00,22.5,-7.467,3.127,1.129,0
2018-02-05 18:00,0,-8.279,3.117,0.834,0
2018-02-06 00:00,0,-8.279,3.104,0.864,0.07
2018-02-06 06:00,65,-8.579,3.092,0.951,0
2018-02-06 12:00,20,-9.116,3.079,0.833,0
2018-02-06 18:00,0,-12.272,1.533,0.428,0
2018-02-07 00:00,0,-12.655,1.529,0.81,0
2018-02-07 06:00,87.5,-11.459,3.062,0.932,0
2018-02-07 12:00,25,-9.236,3.067,1.129,0
2018-02-07 18:00,0,-11.341,1.533,1.056,0
2018-02-08 00:00,0,-10.195,3.068,1.342,0
2018-02-08 06:00,80,-7.661,3.074,2.161,0
2018-02-08 12:00,25,-4.822,4.614,2.742,0
2018-02-08 18:00,0,-5.787,4.616,3.146,0
2018-02-09 00:00,0,-4.231,4.62,3.897,0
2018-02-09 06:00,87.5,-2.353,4.627,5.089,0
2018-02-09 12:00,30,-3.143,4.632,4.367,0
2018-02-09 18:00,0,-5.527,3.091,3.987,0
2018-02-10 00:00,0,-6.75,3.089,3.735,0
2018-02-10 06:00,72.5,-4.635,3.09,4.705,0.01
2018-02-10 12:00,22.5,-3.435,4.624,4.443,0.0825
2018-02-10 18:00,0,-4.845,4.608,4.275,0.04
2018-02-11 00:00,0,-5.025,4.597,4.589,0.0125
2018-02-11 06:00,57.5,-5.313,3.058,4.54,0
2018-02-11 12:00,20,-5.06,3.052,4.368,0.03
2018-02-11 18:00,0,-6.049,3.044,4.566,0
2018-02-12 00:00,0,-5.465,4.552,4.572,0
2018-02-12 06:00,45,-3.552,4.55,4.669,0
2018-02-12 12:00,15,-2.528,4.55,3.428,0.0125
2018-02-12 18:00,0,-3.827,4.555,1.381,0
2018-02-13 00:00,0,-5.428,4.567,1.231,0
2018-02-13 06:00,110,-5.56,3.058,1.671,0
2018-02-13 12:00,57.5,-5.705,3.067,1.494,0
2018-02-13 18:00,0,-9.123,3.069,1.675,0
2018-02-14 00:00,0,-6.127,3.083,3.349,0
2018-02-14 06:00,92.5,-2.27,4.643,4.872,0
2018-02-14 12:00,27.5,-1.565,4.653,4.994,0.0425
2018-02-14 18:00,0,-4.221,4.653,4.929,0
2018-02-15 00:00,0,-5.166,3.102,4.863,0
2018-02-15 06:00,85,-4.527,3.101,5.86,0
2018-02-15 12:00,35,-3.478,4.642,5.906,0.015
2018-02-15 18:00,0,-4.213,4.635,4.986,0
2018-02-16 00:00,0,-4.667,4.627,4.058,0
2018-02-16 06:00,75,-3.928,4.634,3.38,0
2018-02-16 12:00,37.5,-2.803,4.643,2.127,0.13
2018-02-16 18:00,0,-6.268,3.101,0.449,0
2018-02-17 00:00,0,-7.556,3.103,0.505,0
2018-02-17 06:00,142.5,-5.86,3.11,0.62,0
2018-02-17 12:00,65,-4.115,4.668,1.089,0
2018-02-17 18:00,0,-8.028,3.108,0.874,0
2018-02-18 00:00,0,-7.985,3.106,0.969,0
2018-02-18 06:00,92.5,-4.851,4.664,1.607,0
2018-02-18 12:00,32.5,-3.085,4.663,1.931,0.0325
2018-02-18 18:00,0,-5.106,4.661,1.364,0
2018-02-19 00:00,0,-5.701,4.664,1.829,0
2018-02-19 06:00,95,-5.608,3.122,2.712,0
2018-02-19 12:00,47.5,-5.286,3.128,2.319,0.0325
2018-02-19 18:00,0,-9.779,3.122,1.382,0
2018-02-20 00:00,0,-11.011,3.115,1.071,0
2018-02-20 06:00,135,-8.886,3.121,1.003,0
2018-02-20 12:00,60,-7.378,3.122,0.761,0.0025
2018-02-20 18:00,0,-9.914,3.116,0.586,0
2018-02-21 00:00,0,-10.702,3.109,0.587,0
2018-02-21 06:00,135,-8.452,3.116,0.981,0
2018-02-21 12:00,50,-5.761,3.122,0.785,0
2018-02-21 18:00,0,-8.448,3.121,0.923,0
2018-02-22 00:00,0,-9.191,3.119,1.472,0
2018-02-22 06:00,170,-7.381,3.126,0.989,0
2018-02-22 12:00,80,-4.326,4.688,1.025,0
2018-02-22 18:00,0,-8.201,3.119,1.141,0
2018-02-23 00:00,0,-8.965,3.116,1.421,0
2018-02-23 06:00,140,-6.473,3.129,1.195,0
2018-02-23 12:00,57.5,-5.687,3.137,2.193,0.0025
2018-02-23 18:00,0,-10.102,3.139,1.995,0
2018-02-24 00:00,0,-11.5,1.57,1.12,0
2018-02-24 06:00,127.5,-9.097,3.151,1.168,0
2018-02-24 12:00,57.5,-7.197,3.154,1.309,0.005
2018-02-24 18:00,0,-9.938,3.153,2.213,0
2018-02-25 00:00,0,-13.434,1.573,1.869,0
2018-02-25 06:00,192.5,-13.103,1.577,2.062,0
2018-02-25 12:00,95,-10.808,1.581,1.897,0.0225
2018-02-25 18:00,0,-16.918,1.568,1.598,0
2018-02-26 00:00,0,-17.871,1.563,1.921,0
2018-02-26 06:00,222.5,-13.36,1.573,2.483,0
2018-02-26 12:00,102.5,-9.969,3.154,3.223,0.0025
2018-02-26 18:00,0,-12.64,1.575,3.891,0
2018-02-27 00:00,0,-12.435,1.575,4.641,0.025
2018-02-27 06:00,162.5,-13.153,1.577,6.535,0.015
2018-02-27 12:00,92.5,-14.33,1.578,4.826,0.01
2018-02-27 18:00,0,-18.285,1.571,3.035,0
2018-02-28 00:00,0,-19.662,1.567,2.711,0
2018-02-28 06:00,220,-16.222,1.577,2.596,0
2018-02-28 12:00,117.5,-13.679,1.58,2.033,0.025
2018-02-28 18:00,0,-18.763,1.564,1.409,0
2018-03-01 00:00,0,-19.376,1.557,1.712,0
2018-03-01 06:00,235,-13.349,1.568,1.504,0
2018-03-01 12:00,125,-9.781,1.568,1.513,0
2018-03-01 18:00,0,-15.593,1.553,1.27,0
2018-03-02 00:00,0,-15.566,1.547,1.575,0
2018-03-02 06:00,202.5,-9.984,1.553,1.753,0
2018-03-02 12:00,122.5,-7.051,3.101,2.103,0
2018-03-02 18:00,0,-11.8,1.543,1.513,0
2018-03-03 00:00,0,-12.784,1.538,1.067,0
2018-03-03 06:00,152.5,-9.221,3.08,1.106,0
2018-03-03 12:00,85,-6.827,3.08,0.702,0.01
2018-03-03 18:00,0,-9.388,3.07,0.562,0
2018-03-04 00:00,0,-9.653,3.065,0.071,0
2018-03-04 06:00,155,-7.693,3.067,0.204,0
2018-03-04 12:00,95,-6.126,3.069,1.085,0.065
2018-03-04 18:00,0,-10.469,3.059,1.058,0
2018-03-05 00:00,0,-10.775,3.057,1.518,0
2018-03-05 06:00,162.5,-8.866,3.06,2.899,0
2018-03-05 12:00,90,-6.991,3.059,3.585,0.0625
2018-03-05 18:00,0,-8.693,3.053,2.86,0
2018-03-06 00:00,0,-9.183,3.046,2.391,0
2018-03-06 06:00,145,-6.492,3.051,2.656,0
2018-03-06 12:00,85,-4.565,4.58,2.966,0.0575
2018-03-06 18:00,0,-7.082,3.054,2.547,0
2018-03-07 00:00,0,-7.283,3.051,2.393,0
2018-03-07 06:00,140,-5.185,4.581,2.869,0
2018-03-07 12:00,87.5,-3.335,4.583,2.44,0
2018-03-07 18:00,0,-5.82,3.057,2.349,0
2018-03-08 00:00,0,-6.139,3.054,1.878,0
2018-03-08 06:00,142.5,-4.568,4.583,2.925,0
2018-03-08 12:00,75,-4.196,4.577,3.065,0.01
2018-03-08 18:00,0,-7.38,3.045,2.504,0
2018-03-09 00:00,0,-8.562,3.038,1.978,0
2018-03-09 06:00,172.5,-6.975,3.045,1.793,0
2018-03-09 12:00,97.5,-4.621,4.576,1.009,0.03
2018-03-09 18:00,0,-9.132,3.05,0.426,0
2018-03-10 00:00,0,-10.475,3.048,0.552,0
2018-03-10 06:00,270,-5.354,3.065,0.738,0
2018-03-10 12:00,152.5,-2.64,4.604,0.542,0
2018-03-10 18:00,0,-7.864,3.066,0.818,0
2018-03-11 00:00,0,-10.102,3.06,0.698,0
2018-03-11 06:00,240,-4.457,3.072,0.338,0
2018-03-11 12:00,105,-2.75,4.605,1.911,0
2018-03-11 18:00,0,-4.67,4.595,2.665,0
2018-03-12 00:00,0,-4.544,4.575,3.226,0
2018-03-12 06:00,57.5,-2.675,4.562,3.279,0
2018-03-12 12:00,50,-1.511,6.063,1.577,0
2018-03-12 18:00,0,-3.348,4.55,1.831,0
2018-03-13 00:00,0,-3.694,4.55,3.184,0
2018-03-13 06:00,202.5,-2.998,4.562,4.033,0
2018-03-13 12:00,135,-2.239,4.576,4.154,0.0525
2018-03-13 18:00,0,-6.523,3.06,2.682,0
2018-03-14 00:00,0,-10.477,3.061,2.368,0
2018-03-14 06:00,345,-5.111,3.086,2.59,0
2018-03-14 12:00,205,-3.026,4.64,2.057,0.055
2018-03-14 18:00,0,-10.053,3.091,0.787,0
2018-03-15 00:00,0,-10.816,3.095,1.005,0
2018-03-15 06:00,335,-7.319,3.112,2.103,0
2018-03-15 12:00,185,-5.984,3.117,2.695,0.1275
2018-03-15 18:00,0,-13.159,1.554,1.578,0
2018-03-16 00:00,0,-15.431,1.551,1.386,0
2018-03-16 06:00,362.5,-9.277,3.129,2.379,0
2018-03-16 12:00,215,-7.348,3.135,2.869,0.1375
2018-03-16 18:00,0,-14.8,1.559,1.32,0
2018-03-17 00:00,0,-16.14,1.557,1.423,0
2018-03-17 06:00,375,-8.876,1.57,1.27,0
2018-03-17 12:00,247.5,-4.675,3.137,1.839,0
2018-03-17 18:00,0,-11.64,1.56,1.936,0
2018-03-18 00:00,0,-11.029,1.556,2.64,0
2018-03-18 06:00,360,-3.27,3.117,4.654,0
2018-03-18 12:00,212.5,-0.921,4.657,5.727,0
2018-03-18 18:00,0,-3.996,3.094,5.121,0
2018-03-19 00:00,0,-3.064,4.616,3.78,0
2018-03-19 06:00,272.5,-1.83,4.605,5.91,0.0875
2018-03-19 12:00,210,-0.288,4.603,5.93,0.1325
2018-03-19 18:00,0,-4.354,3.079,4.462,0
2018-03-20 00:00,0,-6.694,3.086,3.504,0.02
2018-03-20 06:00,380,-2.873,3.103,2.93,0
2018-03-20 12:00,217.5,-0.475,4.656,2.237,0.0425
2018-03-20 18:00,0,-4.334,4.647,2.849,0
2018-03-21 00:00,0,-2.916,4.636,3.579,0
2018-03-21 06:00,330,0.461,6.165,3.229,0
2018-03-21 12:00,197.5,1.311,6.145,3.541,0.0325
2018-03-21 18:00,0,-3.294,4.594,2.166,0
2018-03-22 00:00,0,-3.827,4.584,2.179,0
2018-03-22 06:00,340,0.632,4.594,4.414,0.0825
2018-03-22 12:00,220,1.607,6.126,3.708,0.0975
2018-03-22 18:00,0,-4.781,4.598,1.029,0
2018-03-23 00:00,0,-4.773,4.59,0.868,0
2018-03-23 06:00,237.5,-0.157,4.59,2.847,0
2018-03-23 12:00,130,1.167,6.102,4.304,0.005
2018-03-23 18:00,0,-2.132,4.57,4.173,0
2018-03-24 00:00,0,-1.612,4.554,5.631,0
2018-03-24 06:00,217.5,1.958,6.066,6.155,0
2018-03-24 12:00,210,3.395,6.073,5.013,0
2018-03-24 18:00,0,-1.353,4.564,3.279,0
2018-03-25 00:00,0,-2.986,4.567,2.448,0
2018-03-25 06:00,417.5,2.659,4.574,3.51,0
2018-03-25 12:00,240,2.507,6.103,2.951,0.0425
2018-03-25 18:00,0,-3.606,4.596,1.975,0.065
2018-03-26 00:00,0,-8.031,3.074,2.875,0.0025
2018-03-26 06:00,432.5,-5.688,3.092,2.373,0
2018-03-26 12:00,310,-3.402,3.1,1.726,0
2018-03-26 18:00,0,-9.52,1.547,1.113,0
2018-03-27 00:00,0,-10.908,1.547,1.336,0
2018-03-27 06:00,447.5,-4.775,3.107,1.682,0
2018-03-27 12:00,312.5,-2.586,3.106,1.348,0
2018-03-27 18:00,0,-9.083,1.548,0.616,0
2018-03-28 00:00,0,-10.501,1.543,0.705,0
2018-03-28 06:00,455,-2.846,3.098,0.423,0
2018-03-28 12:00,315,-0.967,3.094,2.042,0
2018-03-28 18:00,0,-7.576,3.085,1.094,0
2018-03-29 00:00,0,-9.424,3.08,0.699,0
2018-03-29 06:00,457.5,-2.679,3.094,1.399,0
2018-03-29 12:00,320,-0.505,3.092,1.231,0.0025
2018-03-29 18:00,0,-7.496,3.085,0.256,0
2018-03-30 00:00,0,-9.38,3.078,0.861,0
2018-03-30 06:00,472.5,-2.379,3.09,0.641,0
2018-03-30 12:00,295,-0.18,3.087,0.359,0
2018-03-30 18:00,0,-6.246,3.081,0.514,0
2018-03-31 00:00,0,-8.023,3.075,0.539,0
2018-03-31 06:00,470,-1.347,3.085,0.593,0
2018-03-31 12:00,262.5,0.205,3.08,0.906,0.0025
2018-03-31 18:00,0,-5.388,3.075,0.54,0
2018-04-01 00:00,0,-7.222,3.07,1.085,0
2018-04-01 06:00,450,-1.883,3.078,1.394,0
2018-04-01 12:00,307.5,0.07,3.076,1.807,0
2018-04-01 18:00,0,-6.017,3.07,1.841,0
2018-04-02 00:00,0,-7.146,3.062,2.316,0
2018-04-02 06:00,482.5,-1.61,3.065,2.799,0
2018-04-02 12:00,340,0.25,3.061,3.241,0.0175
2018-04-02 18:00,0,-6.271,3.057,1.921,0
2018-04-03 00:00,0,-7.682,3.057,1.414,0
2018-04-03 06:00,470,-0.859,3.067,0.87,0
2018-04-03 12:00,222.5,0.648,3.064,3.006,0
2018-04-03 18:00,0,-2.344,4.585,3.594,0.015
2018-04-04 00:00,0,-1.997,4.57,4.402,0
2018-04-04 06:00,0,-1.997,4.57,4.402,0
2018-04-04 12:00,142.5,3.057,7.585,3.774,0
2018-04-04 18:00,0,-0.968,6.094,1.956,0
2018-04-05 00:00,0,-1.593,6.096,0.882,0
2018-04-05 06:00,140,0.486,6.086,2.881,0
2018-04-05 12:00,107.5,1.415,6.071,2.051,0
2018-04-05 18:00,0,-0.04,6.065,1.55,0
2018-04-06 00:00,0,-1.22,4.558,5.481,0
2018-04-06 06:00,352.5,0.68,4.604,7.679,0.025
2018-04-06 12:00,355,1.685,4.643,4.781,0
2018-04-06 18:00,0,-4.795,3.108,1.045,0
2018-04-07 00:00,0,-4.095,3.108,1.806,0
2018-04-07 06:00,287.5,1.706,4.656,4.477,0
2018-04-07 12:00,250,4.179,6.183,4.292,0
2018-04-07 18:00,0,-1.265,4.633,1.645,0
2018-04-08 00:00,0,-2.335,4.632,0.675,0
2018-04-08 06:00,370,3.275,6.175,1.11,0
2018-04-08 12:00,87.5,3.79,7.698,1.347,0
2018-04-08 18:00,0,1.617,6.154,0.328,0
2018-04-09 00:00,0,0.936,6.146,2.203,0
2018-04-09 06:00,177.5,0.953,6.157,2.937,0
2018-04-09 12:00,147.5,0.8,4.628,3.583,0
2018-04-09 18:00,0,-2.586,4.648,2.605,0
2018-04-10 00:00,0,-5.711,3.11,1.824,0
2018-04-10 06:00,542.5,1.125,4.691,1.945,0
2018-04-10 12:00,387.5,3.534,4.694,1.91,0
2018-04-10 18:00,0,-3.878,4.698,1.054,0
2018-04-11 00:00,0,-5.945,3.131,0.46,0
2018-04-11 06:00,530,2.075,4.704,0.736,0
2018-04-11 12:00,377.5,5.466,6.254,0.61,0
2018-04-11 18:00,0,-2.15,4.698,0.503,0
2018-04-12 00:00,0,-3.529,4.696,0.544,0
2018-04-12 06:00,552.5,4.642,4.698,1.803,0
2018-04-12 12:00,400,7.456,6.245,2.297,0
2018-04-12 18:00,0,-0.41,4.698,1.598,0
2018-04-13 00:00,0,-3.348,3.132,1.101,0
2018-04-13 06:00,562.5,4.571,4.695,2.09,0
2018-04-13 12:00,405,7.782,6.239,2.591,0
2018-04-13 18:00,0,-0.15,4.687,1.7,0
2018-04-14 00:00,0,-1.895,4.679,0.361,0
2018-04-14 06:00,550,6.575,7.773,0.214,0
2018-04-14 12:00,380,11.025,10.822,0.191,0
2018-04-14 18:00,0,4.089,7.761,1.329,0
2018-04-15 00:00,0,1.506,6.213,1.595,0
2018-04-15 06:00,557.5,7.439,9.287,2.441,0
2018-04-15 12:00,397.5,9.789,9.251,2.442,0.0025
2018-04-15 18:00,0,2.45,6.191,1.008,0
2018-04-16 00:00,0,0.429,6.185,0.784,0
2018-04-16 06:00,355,6.3,7.721,0.802,0
2018-04-16 12:00,215,8.536,9.248,0.607,0.0575
2018-04-16 18:00,0,4.148,7.735,1.209,0
2018-04-17 00:00,0,3.573,7.741,1.454,0
2018-04-17 06:00,395,7.188,9.292,2.167,0
2018-04-17 12:00,317.5,9.492,9.287,2.11,0.09
2018-04-17 18:00,0,4.273,7.771,1.622,0
2018-04-18 00:00,0,4.294,7.762,2.748,0
2018-04-18 06:00,327.5,6.946,9.309,3.327,0.0025
2018-04-18 12:00,377.5,11.302,9.311,3.875,0
2018-04-18 18:00,0,5.12,7.814,2.032,0
2018-04-19 00:00,0,3.499,7.832,1.274,0
2018-04-19 06:00,512.5,11.139,9.364,1.11,0
2018-04-19 12:00,342.5,13.025,9.326,2.821,0
2018-04-19 18:00,0,6.948,9.337,2.505,0
2018-04-20 00:00,0,6.692,9.305,2.722,0
2018-04-20 06:00,500,11.175,10.787,1.691,0
2018-04-20 12:00,262.5,13.082,10.71,2.248,0.14
2018-04-20 18:00,0,6.007,7.673,2.695,0
2018-04-21 00:00,0,3.189,6.143,2.712,0
2018-04-21 06:00,427.5,8.651,6.139,6.853,0.045
2018-04-21 12:00,247.5,9.415,6.15,6.516,0.0225
2018-04-21 18:00,0,3.612,6.179,3.455,0
2018-04-22 00:00,0,1.672,6.193,2.377,0
2018-04-22 06:00,577.5,8.075,6.183,1.421,0
2018-04-22 12:00,365,10.064,6.165,1.669,0
2018-04-22 18:00,0,4.889,6.169,2.601,0
2018-04-23 00:00,0,3.172,6.146,3.139,0
2018-04-23 06:00,390,6.957,6.113,5.246,0
2018-04-23 12:00,85,5.364,7.611,3.875,0.0125
2018-04-23 18:00,0,3.245,7.597,2.818,0
2018-04-24 00:00,0,0.897,6.073,2.864,0
2018-04-24 06:00,530,6.993,7.576,3.577,0
2018-04-24 12:00,332.5,7.975,7.557,3.572,0.17
2018-04-24 18:00,0,2.247,6.065,2.254,0
2018-04-25 00:00,0,1.406,6.067,2.198,0
2018-04-25 06:00,600,6.411,6.063,3.5,0
2018-04-25 12:00,355,7.117,6.065,3.623,0.2925
2018-04-25 18:00,0,0.945,6.084,1.364,0.1325
2018-04-26 00:00,0,-1.114,4.567,0.948,0
2018-04-26 06:00,577.5,6.975,6.083,1.751,0.1075
2018-04-26 12:00,345,7.2,6.09,1.854,0.34
2018-04-26 18:00,0,1.436,6.109,0.938,0
2018-04-27 00:00,0,0.039,6.117,1.061,0
2018-04-27 06:00,370,5.414,7.647,1.682,0.07
2018-04-27 12:00,345,7.384,7.647,1.892,0.36
2018-04-27 18:00,0,0.638,6.149,0.952,0
2018-04-28 00:00,0,-1.318,4.617,0.52,0
2018-04-28 06:00,537.5,7.002,7.687,0.942,0.07
2018-04-28 12:00,400,8.208,6.147,1.871,0.2775
2018-04-28 18:00,0,1.782,6.169,1.28,0
2018-04-29 00:00,0,-0.088,6.17,1.649,0.07
2018-04-29 06:00,577.5,8.289,6.163,1.585,0.125
2018-04-29 12:00,345,8.354,6.168,1.56,0.1075
2018-04-29 18:00,0,2.452,4.646,0.883,0
2018-04-30 00:00,0,-0.054,4.65,1.085,0
2018-04-30 06:00,610,7.344,6.183,1.971,0.015
2018-04-30 12:00,280,7.85,6.171,2.64,0.075
2018-04-30 18:00,0,2.356,6.169,3.155,0
2018-05-01 00:00,0,1.2,6.147,3.678,0
2018-05-01 06:00,160,3.111,6.138,4.836,0
2018-05-01 12:00,197.5,4.843,7.648,4.158,0.0025
2018-05-01 18:00,0,2.732,7.642,0.701,0
2018-05-02 00:00,0,2.175,7.654,0.889,0
2018-05-02 06:00,385,6.096,7.673,2.096,0.0125
2018-05-02 12:00,307.5,8.199,7.683,4.099,0.15
2018-05-02 18:00,0,2.75,6.172,2.671,0
2018-05-03 00:00,0,0.49,6.172,2.408,0
2018-05-03 06:00,570,8.843,6.15,5.173,0
2018-05-03 12:00,97.5,5.613,7.683,3.102,0.0625
2018-05-03 18:00,0,2.888,7.707,1.96,0.005
2018-05-04 00:00,0,-0.122,6.192,2.168,0
2018-05-04 06:00,637.5,7.414,7.746,2.313,0
2018-05-04 12:00,442.5,10.573,6.193,2.25,0
2018-05-04 18:00,0,3.823,6.222,2.322,0
2018-05-05 00:00,2.5,2.375,6.227,1.664,0
2018-05-05 06:00,605,11.673,9.31,1.583,0
2018-05-05 12:00,365,15.5,10.817,2.147,0.07
2018-05-05 18:00,0,8.677,9.318,3.282,0
2018-05-06 00:00,2.5,6.328,9.318,2.788,0
2018-05-06 06:00,627.5,14.322,9.275,3.561,0
2018-05-06 12:00,365,14.639,9.282,1.679,0
2018-05-06 18:00,0,7.765,9.33,0.988,0
2018-05-07 00:00,2.5,6.274,7.762,2.771,0
2018-05-07 06:00,652.5,14.993,9.249,4.815,0
2018-05-07 12:00,477.5,15.188,7.726,3.03,0
2018-05-07 18:00,0,7.376,7.776,0.363,0
2018-05-08 00:00,5,5.332,7.776,1.803,0
2018-05-08 06:00,627.5,14.975,9.258,3.675,0
2018-05-08 12:00,460,20.025,9.181,4.429,0
2018-05-08 18:00,0,11.158,9.256,2.672,0
2018-05-09 00:00,5,8.258,9.272,2.399,0
2018-05-09 06:00,660,18.988,9.187,5.46,0
2018-05-09 12:00,502.5,21.625,7.627,6.446,0
2018-05-09 18:00,0,12.625,9.239,3.957,0
2018-05-10 00:00,10,7.106,7.734,2.28,0
2018-05-10 06:00,665,17.256,7.668,5.133,0
2018-05-10 12:00,500,20.392,9.142,6.562,0
2018-05-10 18:00,0,12.32,10.764,4.042,0.1225
2018-05-11 00:00,10,8.99,10.801,2.118,0.12
2018-05-11 06:00,327.5,15.251,13.822,1.909,0.1425
2018-05-11 12:00,205,15.165,13.843,1.009,0.465
2018-05-11 18:00,0,10.189,12.378,0.952,0.17
2018-05-12 00:00,7.5,9.189,10.848,0.743,0.1875
2018-05-12 06:00,392.5,15.126,12.339,1.725,0.1325
2018-05-12 12:00,420,17.888,13.829,2.178,0.3475
2018-05-12 18:00,0,11.386,12.389,1.012,0
2018-05-13 00:00,10,9.09,10.875,0.665,0.19
2018-05-13 06:00,632.5,17.997,12.332,3.084,0.1275
2018-05-13 12:00,480,20.599,10.755,3.552,0.1825
2018-05-13 18:00,0,12.418,10.855,1.816,0
2018-05-14 00:00,17.5,9.449,9.336,0.948,0
2018-05-14 06:00,675,20.359,9.243,2.298,0
2018-05-14 12:00,520,22.871,7.672,2.457,0
2018-05-14 18:00,0,13.526,9.299,0.858,0
2018-05-15 00:00,20,11.155,7.766,0.4,0
2018-05-15 06:00,677.5,23.584,9.182,0.722,0
2018-05-15 12:00,525,24.812,7.622,1,0
2018-05-15 18:00,0,14.981,9.236,1.266,0
2018-05-16 00:00,20,11.934,9.25,0.416,0
2018-05-16 06:00,672.5,22.925,10.65,0.924,0
2018-05-16 12:00,225,16.7,9.215,4.446,0
2018-05-16 18:00,0,10.104,7.749,5.446,0.0675
2018-05-17 00:00,20,4.811,6.225,4.242,0.07
2018-05-17 06:00,462.5,9.258,6.209,3.82,0.0675
2018-05-17 12:00,487.5,13.954,6.178,3.512,0
2018-05-17 18:00,0,7.205,6.215,2.684,0
2018-05-18 00:00,22.5,3.585,4.676,2.622,0
2018-05-18 06:00,702.5,11.567,4.659,3.779,0
2018-05-18 12:00,542.5,14.92,6.185,2.626,0
2018-05-18 18:00,0,7.37,6.224,0.609,0
2018-05-19 00:00,25,5.046,6.231,0.725,0
2018-05-19 06:00,692.5,17.372,6.178,0.92,0
2018-05-19 12:00,515,19.175,6.16,2.699,0
2018-05-19 18:00,0,9.936,6.22,0.452,0
2018-05-20 00:00,25,6.854,6.235,0.891,0
2018-05-20 06:00,670,18.805,6.174,5.313,0
2018-05-20 12:00,525,21.07,6.154,6.068,0
2018-05-20 18:00,0,12.053,7.771,3.28,0
2018-05-21 00:00,30,8.615,7.792,2.299,0
2018-05-21 06:00,702.5,19.264,7.724,2.835,0
2018-05-21 12:00,502.5,22.525,7.681,3.353,0
2018-05-21 18:00,0,12.975,7.757,1.828,0
2018-05-22 00:00,27.5,10.402,7.76,0.822,0
2018-05-22 06:00,665,20.554,7.674,0.611,0
2018-05-22 12:00,485,20.754,7.664,1.758,0
2018-05-22 18:00,0,11.805,7.746,2.699,0
2018-05-23 00:00,27.5,8.579,7.781,2.925,0
2018-05-23 06:00,687.5,16.675,7.753,1.449,0
2018-05-23 12:00,535,20.568,9.261,0.678,0
2018-05-23 18:00,0,11.971,7.804,0.711,0
2018-05-24 00:00,30,9.01,7.832,1.385,0
2018-05-24 06:00,687.5,20.4,9.291,2.966,0
2018-05-24 12:00,452.5,24.146,9.224,3.46,0
2018-05-24 18:00,0,15.088,9.323,1.77,0
2018-05-25 00:00,35,11.776,9.354,0.776,0
2018-05-25 06:00,695,23.171,9.242,1.568,0
2018-05-25 12:00,517.5,25.221,7.675,1.114,0
2018-05-25 18:00,0,14.467,9.342,1.149,0
2018-05-26 00:00,32.5,11.203,7.82,1.439,0
2018-05-26 06:00,617.5,19.35,9.311,1.899,0
2018-05-26 12:00,537.5,22.451,9.264,2.18,0
2018-05-26 18:00,0,13.359,7.813,1.751,0
2018-05-27 00:00,32.5,9.959,7.844,1.537,0
2018-05-27 06:00,690,19.991,7.774,1.681,0
2018-05-27 12:00,537.5,23,7.728,1.88,0
2018-05-27 18:00,0,14.359,7.804,2.589,0
2018-05-28 00:00,37.5,10.319,7.836,1.406,0
2018-05-28 06:00,695,20.2,7.753,2.5,0
2018-05-28 12:00,475,22.673,7.707,2.849,0
2018-05-28 18:00,0,15.111,9.317,1.692,0
2018-05-29 00:00,35,12.375,9.338,0.93,0
2018-05-29 06:00,625,22.84,10.761,1.724,0
2018-05-29 12:00,475,24.275,10.722,3.189,0
2018-05-29 18:00,0,14.869,9.306,1.834,0
2018-05-30 00:00,45,11.688,7.79,2.218,0
2018-05-30 06:00,710,21.313,6.175,1.31,0
2018-05-30 12:00,562.5,25.667,7.652,1.11,0
2018-05-30 18:00,0,15.462,9.296,2.042,0
2018-05-31 00:00,45,11.471,7.787,2.111,0
2018-05-31 06:00,707.5,20.828,9.254,3.599,0
2018-05-31 12:00,545,24.675,9.175,3.864,0
2018-05-31 18:00,0,15.5,10.808,1.734,0.16
2018-06-01 00:00,40,12.328,10.83,0.809,0
2018-06-01 06:00,702.5,22.4,10.698,2.352,0
2018-06-01 12:00,457.5,23.947,10.655,2.268,0
2018-06-01 18:00,0,16.058,10.754,1.45,0
2018-06-02 00:00,45,12.896,10.776,1.562,0
2018-06-02 06:00,702.5,23.283,10.644,3.189,0
2018-06-02 12:00,422.5,23.638,10.625,3.685,0
2018-06-02 18:00,0,16.117,10.726,1.784,0
2018-06-03 00:00,45,12.593,10.76,1.44,0.0475
2018-06-03 06:00,685,22.721,10.628,2.589,0
2018-06-03 12:00,435,23.772,10.579,4.938,0
2018-06-03 18:00,0,14.376,10.68,3.648,0
2018-06-04 00:00,32.5,11.011,7.665,5.681,0.0175
2018-06-04 06:00,632.5,12.885,6.133,6.522,0.0025
2018-06-04 12:00,490,13.325,4.605,7.518,0.025
2018-06-04 18:00,0,5.869,4.639,5.68,0.0125
2018-06-05 00:00,45,3.087,4.651,5.203,0
2018-06-05 06:00,545,8.45,4.645,6.195,0.05
2018-06-05 12:00,475,10.575,4.641,6.043,0.085
2018-06-05 18:00,0,4.169,4.665,2.513,0
2018-06-06 00:00,47.5,1.937,4.672,2.694,0
2018-06-06 06:00,695,11.628,4.648,3.264,0
2018-06-06 12:00,552.5,14.675,6.171,3.638,0
2018-06-06 18:00,0,7.511,6.2,0.872,0
2018-06-07 00:00,50,6.998,7.737,1.35,0
2018-06-07 06:00,580,17.145,9.193,4.982,0
2018-06-07 12:00,415,17.939,7.659,5.17,0
2018-06-07 18:00,0,10.861,9.255,2.769,0
2018-06-08 00:00,37.5,8.049,7.737,0.789,0
2018-06-08 06:00,557.5,16.707,7.687,1.87,0
2018-06-08 12:00,542.5,20.428,9.17,2.299,0
2018-06-08 18:00,0,11.396,9.261,0.338,0
2018-06-09 00:00,55,9.019,9.28,0.63,0
2018-06-09 06:00,712.5,20.911,9.171,0.927,0
2018-06-09 12:00,365,23.4,10.632,2.14,0
2018-06-09 18:00,0,15.014,10.723,1.231,0
2018-06-10 00:00,50,12.668,10.736,0.9,0.1275
2018-06-10 06:00,702.5,22.9,10.599,1.294,0
2018-06-10 12:00,407.5,23.755,10.563,1.1,0
2018-06-10 18:00,0,14.378,10.666,1.585,0.1575
2018-06-11 00:00,36.25,11.5,12.19,1.468,0.105
2018-06-11 06:00,447.5,15.575,10.623,1.635,0.0875
2018-06-11 12:00,407.5,16.457,12.112,4.053,0.315
2018-06-11 18:00,0,9.406,9.159,4.026,0
2018-06-12 00:00,55,6.089,7.663,4.547,0
2018-06-12 06:00,717.5,12.975,6.114,4.265,0
2018-06-12 12:00,567.5,15.891,6.102,3.947,0
2018-06-12 18:00,0,8.635,7.671,1.538,0
2018-06-13 00:00,35,6.468,7.686,1.696,0
2018-06-13 06:00,350,11.382,9.191,1.731,0
2018-06-13 12:00,407.5,15.061,9.157,1.283,0.215
2018-06-13 18:00,0,9.853,10.716,2.095,0
2018-06-14 00:00,35,8.82,10.708,2.858,0
2018-06-14 06:00,252.5,12.704,10.661,5.948,0.08
2018-06-14 12:00,137.5,12.906,10.636,7.122,0.0825
2018-06-14 18:00,0,11.796,12.127,7.701,0.1725
2018-06-15 00:00,47.5,9.257,9.135,6.336,0.05
2018-06-15 06:00,732.5,15.2,6.09,7.832,0
2018-06-15 12:00,452.5,16.796,6.101,7.34,0
2018-06-15 18:00,0,10.294,7.687,4.076,0
2018-06-16 00:00,42.5,8.32,9.245,2.352,0
2018-06-16 06:00,720,16.251,6.139,2.973,0.0325
2018-06-16 12:00,302.5,17.342,6.138,2.245,0
2018-06-16 18:00,0,11.904,7.709,1.217,0
2018-06-17 00:00,15,10.322,9.247,1.992,0
2018-06-17 06:00,120,11.638,12.285,3.603,0.1375
2018-06-17 12:00,190,12.162,12.25,3.999,0.3225
2018-06-17 18:00,0,9.144,10.726,1.374,0.0125
2018-06-18 00:00,30,8.075,10.722,1.989,0
2018-06-18 06:00,565,15.25,10.657,4.119,0
2018-06-18 12:00,317.5,16.015,10.643,6.778,0.0825
2018-06-18 18:00,0,11.523,12.176,5.375,0.195
2018-06-19 00:00,27.5,9.39,10.627,5.34,0.1425
2018-06-19 06:00,725,14.108,7.574,6.628,0.2525
2018-06-19 12:00,412.5,16.229,7.576,8.089,0.1275
2018-06-19 18:00,0,10.308,7.638,4.885,0
2018-06-20 00:00,60,6.393,6.142,4.504,0
2018-06-20 06:00,705,14.175,6.113,4.994,0
2018-06-20 12:00,355,13.238,6.11,2.482,0
2018-06-20 18:00,0,7.213,7.66,1.592,0
2018-06-21 00:00,22.5,6.38,7.65,1.639,0
2018-06-21 06:00,312.5,9.638,9.144,2.763,0.1375
2018-06-21 12:00,360,10.5,9.131,4.816,0.3625
2018-06-21 18:00,0,7.184,9.154,5.363,0.08
2018-06-22 00:00,42.5,6.085,7.632,6.499,0
2018-06-22 06:00,457.5,10.705,6.097,8.375,0.055
2018-06-22 12:00,352.5,11.01,7.632,8.018,0.1325
2018-06-22 18:00,0,7.65,7.664,5.472,0
2018-06-23 00:00,27.5,6.545,6.149,6.169,0
2018-06-23 06:00,567.5,12.479,6.139,6.271,0
2018-06-23 12:00,412.5,16.254,7.647,4.8,0
2018-06-23 18:00,0,9.41,9.242,2.082,0
2018-06-24 00:00,52.5,7.67,9.264,1.63,0
2018-06-24 06:00,590,15.549,9.218,2.878,0.0025
2018-06-24 12:00,415,17.271,9.2,2.416,0
2018-06-24 18:00,0,11.156,9.25,0.355,0
2018-06-25 00:00,30,11.011,9.258,1.329,0
2018-06-25 06:00,645,18.426,10.728,3.891,0
2018-06-25 12:00,437.5,20.45,10.717,3.987,0
2018-06-25 18:00,0,12.3,10.841,2.059,0
2018-06-26 00:00,42.5,10.175,9.334,1.681,0
2018-06-26 06:00,707.5,20.625,10.775,1.531,0
2018-06-26 12:00,395,23.75,12.24,2.264,0
2018-06-26 18:00,0,14.225,9.308,1.153,0
2018-06-27 00:00,52.5,10.65,9.355,1.362,0
2018-06-27 06:00,690,21.275,10.804,0.476,0
2018-06-27 12:00,572.5,25.425,10.723,3.527,0
2018-06-27 18:00,0,16.6,12.374,1.987,0
2018-06-28 00:00,45,13.971,10.841,1.238,0
2018-06-28 06:00,545,22.504,9.18,4.18,0
2018-06-28 12:00,365,19.346,10.72,6.516,0.0375
2018-06-28 18:00,0,11.205,7.75,6.798,0.0575
2018-06-29 00:00,55,7.63,7.777,5.225,0
2018-06-29 06:00,650,12.929,6.208,6.273,0
2018-06-29 12:00,452.5,14.046,6.2,5.704,0
2018-06-29 18:00,0,7.575,7.79,2.836,0
2018-06-30 00:00,55,4.9,6.25,3.088,0
2018-06-30 06:00,727.5,14.504,6.213,2.63,0
2018-06-30 12:00,595,18.38,6.182,2.438,0
2018-06-30 18:00,0,9.835,7.795,1.511,0
2018-07-01 00:00,52.5,7.769,7.819,0.639,0
2018-07-01 06:00,717.5,18.585,7.746,1.43,0
2018-07-01 12:00,590,21.9,7.696,1.792,0
2018-07-01 18:00,0,11.846,7.774,1.824,0
2018-07-02 00:00,52.5,8.656,7.781,0.582,0
2018-07-02 06:00,725,19.792,7.685,2.018,0
2018-07-02 12:00,592.5,24.03,7.616,2.15,0
2018-07-02 18:00,0,12.868,9.246,0.872,0
2018-07-03 00:00,47.5,10.404,7.722,2.166,0
2018-07-03 06:00,707.5,21.375,9.148,3.658,0
2018-07-03 12:00,582.5,22.7,9.121,4.517,0
2018-07-03 18:00,0,13.8,9.215,3.157,0
2018-07-04 00:00,45,9.654,9.25,3.286,0
2018-07-04 06:00,712.5,18.225,9.166,3.472,0
2018-07-04 12:00,582.5,21.736,9.111,3.46,0
2018-07-04 18:00,0,13.24,10.716,0.89,0
2018-07-05 00:00,40,10.918,10.728,1.206,0
2018-07-05 06:00,550,19.411,10.628,1.442,0
2018-07-05 12:00,560,24.55,10.534,1.547,0
2018-07-05 18:00,0,14.32,12.197,2.574,0
2018-07-06 00:00,37.5,11.593,10.721,3.198,0
2018-07-06 06:00,517.5,17.725,10.673,2.95,0
2018-07-06 12:00,430,21.368,10.638,3.16,0
2018-07-06 18:00,0,14.098,10.748,3.371,0.07
2018-07-07 00:00,15,11.056,9.263,4.292,0.0925
2018-07-07 06:00,462.5,13.233,9.265,3.988,0
2018-07-07 12:00,572.5,18.712,7.688,4.314,0
2018-07-07 18:00,0,10.464,7.757,2.557,0
2018-07-08 00:00,42.5,7.539,7.776,1.72,0
2018-07-08 06:00,682.5,19.746,7.681,1.348,0
2018-07-08 12:00,522.5,23.523,9.141,1.647,0
2018-07-08 18:00,0,14.558,10.758,1.041,0
2018-07-09 00:00,15,11.503,10.785,2.186,0.2125
2018-07-09 06:00,285,15.425,10.764,3.334,0.085
2018-07-09 12:00,410,18.398,10.761,4.072,0
2018-07-09 18:00,0,13.5,10.835,2.526,0
2018-07-10 00:00,35,11.3,10.873,2.298,0
2018-07-10 06:00,685,22.348,10.748,2.668,0
2018-07-10 12:00,302.5,23.223,12.252,1.513,0
2018-07-10 18:00,0,17.115,10.807,0.799,0
2018-07-11 00:00,25,13.75,10.841,1.002,0
2018-07-11 06:00,680,24.171,10.696,2.323,0
2018-07-11 12:00,380,24.05,10.679,2.509,0
2018-07-11 18:00,0,15.907,12.312,1.335,0.0425
2018-07-12 00:00,35,12.35,12.346,0.646,0
2018-07-12 06:00,650,22.231,12.203,2.205,0
2018-07-12 12:00,305,22.971,10.663,1.328,0
2018-07-12 18:00,0,14.554,12.301,0.211,0
2018-07-13 00:00,35,12.475,12.319,0.819,0
2018-07-13 06:00,677.5,23.939,12.155,0.828,0
2018-07-13 12:00,257.5,22.964,12.164,0.907,0.1825
2018-07-13 18:00,0,16.5,13.782,0.524,0.1525
2018-07-14 00:00,27.5,13.125,12.295,0.916,0.0725
2018-07-14 06:00,672.5,24.55,13.633,1.134,0.155
2018-07-14 12:00,410,25.22,12.1,2.485,0
2018-07-14 18:00,0,16.25,12.242,1.539,0
2018-07-15 00:00,30,12.325,12.299,0.916,0
2018-07-15 06:00,670,24.943,12.129,0.923,0
2018-07-15 12:00,505,26.716,10.591,2.162,0
2018-07-15 18:00,0,16.62,12.271,0.528,0
2018-07-16 00:00,30,13.596,12.317,0.251,0
2018-07-16 06:00,677.5,26.247,10.622,2.529,0
2018-07-16 12:00,450,27.385,12.098,3.078,0
2018-07-16 18:00,0,18.615,12.25,0.962,0
2018-07-17 00:00,25,15.822,12.295,0.812,0
2018-07-17 06:00,665,26.445,12.129,3.43,0
2018-07-17 12:00,280,26.969,12.103,2.658,0
2018-07-17 18:00,0,20.245,13.738,2.214,0
2018-07-18 00:00,25,15.225,13.817,1.318,0
2018-07-18 06:00,447.5,24.864,13.644,3.743,0
2018-07-18 12:00,102.5,23.825,13.654,1.634,0
2018-07-18 18:00,0,17.03,16.821,0.515,0.1875
2018-07-19 00:00,12.5,15.32,15.329,0.478,0.0375
2018-07-19 06:00,577.5,23.945,15.176,1.762,0.105
2018-07-19 12:00,350,24.286,15.154,1.653,0.15
2018-07-19 18:00,0,16.025,15.31,1.551,0.1725
2018-07-20 00:00,21,14.05,13.796,1.386,0
2018-07-20 06:00,637.5,23.85,16.629,0.382,0.2025
2018-07-20 12:00,260,24.475,15.091,1.304,0.0725
2018-07-20 18:00,0,17.1,13.706,0.7,0.105
2018-07-21 00:00,19,13.9,13.736,0.523,0
2018-07-21 06:00,602.5,23.689,13.563,1.599,0
2018-07-21 12:00,412.5,22.489,13.571,2.303,0.3225
2018-07-21 18:00,0,15.127,13.692,1.531,0
2018-07-22 00:00,17.5,12.207,13.728,1.28,0
2018-07-22 06:00,617.5,20.582,13.613,1.327,0
2018-07-22 12:00,450,23.534,12.057,2.757,0
2018-07-22 18:00,0,16.293,13.687,2.765,0.01
2018-07-23 00:00,17.5,12.917,13.743,0.943,0
2018-07-23 06:00,550,22.025,13.629,0.704,0.0725
2018-07-23 12:00,427.5,23.448,13.617,0.921,0
2018-07-23 18:00,0,15.655,13.754,0.41,0
2018-07-24 00:00,17.5,13.66,13.784,0.406,0
2018-07-24 06:00,647.5,24.95,13.605,2.601,0
2018-07-24 12:00,490,27.853,13.532,4.338,0
2018-07-24 18:00,490,27.853,13.532,4.338,0
2018-07-25 00:00,490,27.853,13.532,4.338,0
2018-07-25 06:00,490,27.853,13.532,4.338,0
2018-07-25 12:00,490,27.853,13.532,4.338,0
2018-07-25 18:00,0,17.514,15.308,0.964,0
2018-07-26 00:00,7.5,13.567,13.867,1.496,0
2018-07-26 06:00,560,22.831,13.75,1.362,0
2018-07-26 12:00,505,26.683,12.165,1.984,0
2018-07-26 18:00,0,17.214,13.876,1.384,0
2018-07-27 00:00,10,14.443,13.941,1.436,0
2018-07-27 06:00,600,23.271,16.865,3.152,0.1675
2018-07-27 12:00,502.5,27.835,15.216,3.118,0
2018-07-27 18:00,0,18.652,16.946,2.848,0.2125
2018-07-28 00:00,10,14.747,15.461,1.947,0
2018-07-28 06:00,622.5,23.346,16.776,4.787,0.21
2018-07-28 12:00,340,22.29,19.777,5.49,0.615
2018-07-28 18:00,0,17.483,18.346,3.537,0.2275
2018-07-29 00:00,2.5,17.34,19.826,3.3,0.5975
2018-07-29 06:00,257.5,20.37,19.755,3.374,0.3825
2018-07-29 12:00,390,23.159,18.197,3.035,0.285
2018-07-29 18:00,0,16.394,16.857,1.415,0.2625
2018-07-30 00:00,5,14.935,15.371,1.382,0.15
2018-07-30 06:00,520,22.464,16.766,3.351,0.1825
2018-07-30 12:00,337.5,24.074,16.736,2.885,0.1725
2018-07-30 18:00,0,17.685,15.359,1.112,0
2018-07-31 00:00,5,15.805,15.396,0.614,0.095
2018-07-31 06:00,545,24.475,16.742,2.491,0.1625
2018-07-31 12:00,440,27.071,15.153,3.702,0
2018-07-31 18:00,0,18.277,16.85,1.656,0.14
2018-08-01 00:00,5,15.941,16.896,1.727,0.155
2018-08-01 06:00,620,24.025,15.23,4.533,0.0025
2018-08-01 12:00,405,24.809,13.702,4.293,0
2018-08-01 18:00,0,16.259,13.859,1.603,0.0375
2018-08-02 00:00,2.5,13.096,13.9,0.509,0
2018-08-02 06:00,605,22.805,13.74,2.414,0
2018-08-02 12:00,365,22.93,12.21,3.099,0
2018-08-02 18:00,0,14.775,13.862,2.265,0
2018-08-03 00:00,2.5,11.787,12.361,1.591,0
2018-08-03 06:00,615,21.728,12.22,2.226,0
2018-08-03 12:00,205,21.685,13.719,1.622,0.15
2018-08-03 18:00,0,15.195,15.326,0.667,0.1175
2018-08-04 00:00,0,13.527,15.326,1.604,0.16
2018-08-04 06:00,525,18.956,13.718,2.744,0.0475
2018-08-04 12:00,395,21.153,12.156,2.91,0.1075
2018-08-04 18:00,0,14.314,12.248,1.29,0
2018-08-05 00:00,0.75,12.114,12.241,0.053,0.2925
2018-08-05 06:00,357.5,14.922,12.2,3.599,0.1925
2018-08-05 12:00,497.5,18.746,9.122,4.147,0.25
2018-08-05 18:00,0,10.773,9.206,2.917,0.005
2018-08-06 00:00,1,8.732,9.223,2.693,0
2018-08-06 06:00,340,14.675,7.659,3.444,0.01
2018-08-06 12:00,315,16.65,9.165,2.799,0.035
2018-08-06 18:00,0,10.144,9.219,0.81,0
2018-08-07 00:00,0,8.288,9.231,0.912,0
2018-08-07 06:00,577.5,18.675,12.189,2.29,0
2018-08-07 12:00,342.5,21.515,12.147,2.902,0.115
2018-08-07 18:00,0,13.922,12.256,1.766,0
2018-08-08 00:00,0,11.893,12.266,1.445,0
2018-08-08 06:00,572.5,23.251,13.604,5.065,0
2018-08-08 12:00,85,21.071,15.123,2.992,0
2018-08-08 18:00,0,16.034,16.71,2.735,0.08
2018-08-09 00:00,0,15.771,16.732,4.311,0.015
2018-08-09 06:00,435,19.871,13.682,2.84,0.1075
2018-08-09 12:00,402.5,22.55,10.629,2.874,0
2018-08-09 18:00,0,13.276,10.747,0.785,0
2018-08-10 00:00,0,12.821,12.238,1.561,0
2018-08-10 06:00,45,15.762,16.665,3.33,0.2675
2018-08-10 12:00,330,18.046,13.593,8.386,0.26
2018-08-10 18:00,0,12.595,9.137,7.073,0
2018-08-11 00:00,0,10.288,9.19,6.826,0
2018-08-11 06:00,597.5,15.767,7.656,4.724,0
2018-08-11 12:00,250,15.507,9.183,1.517,0.06
2018-08-11 18:00,0,10.12,10.743,1.897,0
2018-08-12 00:00,0,8.418,10.726,2.838,0.0225
2018-08-12 06:00,160,9.882,10.713,3.653,0.1
2018-08-12 12:00,265,11.504,9.185,4.441,0
2018-08-12 18:00,0,7.676,9.211,2.861,0
2018-08-13 00:00,0,6.506,9.217,2.691,0
2018-08-13 06:00,475,14.125,9.176,3.689,0.035
2018-08-13 12:00,320,16.041,7.639,2.563,0
2018-08-13 18:00,0,8.373,7.689,0.641,0
2018-08-14 00:00,0,6.241,7.695,0.171,0
2018-08-14 06:00,555,16.588,9.154,1.802,0
2018-08-14 12:00,225,16.226,10.672,2.815,0.0775
2018-08-14 18:00,0,10.154,10.73,1.245,0
2018-08-15 00:00,0,7.666,9.219,0.405,0
2018-08-15 06:00,570,17.578,10.672,3.112,0.075
2018-08-15 12:00,372.5,19.003,10.661,3.993,0.0275
2018-08-15 18:00,0,11.997,12.271,2.964,0
2018-08-16 00:00,0,12.375,13.783,3.843,0.0525
2018-08-16 06:00,145,15.955,15.251,5.664,0.15
2018-08-16 12:00,105,17.129,15.218,6.174,0.1475
2018-08-16 18:00,0,15.286,15.218,6.41,0.13
2018-08-17 00:00,0,14.272,15.234,5.531,0.085
2018-08-17 06:00,405,16.65,12.19,6.621,0.15
2018-08-17 12:00,380,18.35,10.65,6.713,0.0375
2018-08-17 18:00,0,11.099,10.732,3.793,0
2018-08-18 00:00,0,8.573,10.756,3.079,0
2018-08-18 06:00,372.5,15.469,10.676,7.069,0.11
2018-08-18 12:00,45,13.522,13.685,6.823,0.1725
2018-08-18 18:00,0,11.55,12.182,5.819,0.085
2018-08-19 00:00,0,8.639,9.187,3.732,0.085
2018-08-19 06:00,492.5,15.039,9.168,4.605,0.0775
2018-08-19 12:00,305,17.189,9.153,3.284,0
2018-08-19 18:00,0,9.036,9.22,1.598,0
2018-08-20 00:00,0,6.989,9.219,1.454,0
2018-08-20 06:00,412.5,13.217,9.179,2.639,0
2018-08-20 12:00,345,13.308,9.187,4.643,0.055
2018-08-20 18:00,0,7.368,7.708,2.772,0
2018-08-21 00:00,0,5.957,7.734,3.14,0.01
2018-08-21 06:00,497.5,12.607,7.721,4.393,0.0375
2018-08-21 12:00,360,14.439,7.716,3.523,0
2018-08-21 18:00,0,7.352,7.755,0.543,0
2018-08-22 00:00,0,6.52,7.739,2.774,0
2018-08-22 06:00,180,12.01,10.74,5.724,0
2018-08-22 12:00,70,14.88,15.207,6.714,0.0275
2018-08-22 18:00,0,13.8,13.684,4.502,0.185
2018-08-23 00:00,0,11.305,12.21,1.846,0.1475
2018-08-23 06:00,502.5,15.63,10.666,1.779,0.0825
2018-08-23 12:00,172.5,15.4,12.174,3.423,0.2175
2018-08-23 18:00,0,11.136,12.185,1.778,0.225
2018-08-24 00:00,0,11.139,13.641,1.884,0.02
2018-08-24 06:00,165,12.4,13.602,3.242,0.1425
2018-08-24 12:00,207.5,14.522,10.566,3.74,0.125
2018-08-24 18:00,0,9.25,10.602,2.733,0.0875
2018-08-25 00:00,0,7.075,9.107,2.218,0
2018-08-25 06:00,407.5,12.023,9.102,2.414,0.105
2018-08-25 12:00,385,14.29,9.097,3.219,0.29
2018-08-25 18:00,0,6.915,9.162,0.971,0.04
2018-08-26 00:00,0,5.245,7.652,0.658,0
2018-08-26 06:00,512.5,12.595,9.143,0.502,0.1425
2018-08-26 12:00,377.5,13.364,9.14,1.485,0.2775
2018-08-26 18:00,0,6.189,9.203,0.88,0
2018-08-27 00:00,0,4.111,7.686,1.057,0
2018-08-27 06:00,490,12.79,9.178,3.441,0
2018-08-27 12:00,240,14.28,9.161,4.717,0.1525
2018-08-27 18:00,0,7.825,9.213,1.748,0.0025
2018-08-28 00:00,0,7.305,9.227,0.758,0
2018-08-28 06:00,370,13.35,10.744,0.206,0
2018-08-28 12:00,212.5,15.896,10.744,1.528,0.0125
2018-08-28 18:00,0,10.548,10.811,1.406,0.05
2018-08-29 00:00,0,8.646,10.829,1.596,0.0575
2018-08-29 06:00,295,14.461,12.316,3.599,0.085
2018-08-29 12:00,55,14.028,12.305,3.702,0.3175
2018-08-29 18:00,0,11.153,12.325,2.886,0.1675
2018-08-30 00:00,0,10.425,12.318,2.171,0.1275
2018-08-30 06:00,157.5,11.98,12.319,1.52,0.285
2018-08-30 12:00,252.5,14.225,10.782,2.276,0.1575
2018-08-30 18:00,0,8.275,10.861,2.515,0.085
2018-08-31 00:00,0,6.005,9.338,3.137,0
2018-08-31 06:00,412.5,11.379,7.774,3.471,0
2018-08-31 12:00,305,14.054,7.755,2.386,0
2018-08-31 18:00,0,7.975,7.795,1.333,0
2018-09-01 00:00,0,5.615,7.803,0.801,0
2018-09-01 06:00,505,14.779,7.759,0.758,0
2018-09-01 12:00,332.5,17.787,9.271,2.021,0
2018-09-01 18:00,0,9.459,9.348,1.35,0
2018-09-02 00:00,0,7.761,9.367,1.185,0
2018-09-02 06:00,487.5,16.629,9.311,2.245,0
2018-09-02 12:00,347.5,19.279,9.276,3.935,0
2018-09-02 18:00,0,9.833,9.356,1.998,0
2018-09-03 00:00,0,7.8,9.359,1.746,0
2018-09-03 06:00,495,16.639,10.828,2.694,0
2018-09-03 12:00,345,19.587,10.771,3.074,0
2018-09-03 18:00,0,10.625,10.857,1.146,0
2018-09-04 00:00,0,10.192,12.408,1.275,0
2018-09-04 06:00,312.5,16.225,12.344,1.735,0
2018-09-04 12:00,200,17.5,10.782,1.102,0
2018-09-04 18:00,0,12.024,10.847,1.035,0
2018-09-05 00:00,0,10.696,10.859,1.045,0
2018-09-05 06:00,220,14.081,12.38,1.057,0.0175
2018-09-05 12:00,255,17.061,12.331,1.877,0.0275
2018-09-05 18:00,0,9.804,10.863,1.365,0.075
2018-09-06 00:00,0,9.722,10.86,1.08,0
2018-09-06 06:00,152.5,13.011,12.371,1.73,0
2018-09-06 12:00,102.5,14.084,12.349,1.561,0.0075
2018-09-06 18:00,0,9.731,10.847,1.499,0.025
2018-09-07 00:00,0,9.053,10.847,1.758,0
2018-09-07 06:00,257.5,13.244,10.813,2.797,0.005
2018-09-07 12:00,75,14.073,12.322,2.855,0.01
2018-09-07 18:00,0,12.223,12.328,2.962,0.09
2018-09-08 00:00,0,11.777,12.315,2.97,0.0075
2018-09-08 06:00,70,12.456,13.836,2.829,0.265
2018-09-08 12:00,135,14.225,12.29,3.49,0.125
2018-09-08 18:00,0,10.85,12.337,2.529,0.2875
2018-09-09 00:00,0,7.736,10.834,1.824,0.01
2018-09-09 06:00,285,12.873,10.798,4.707,0.1075
2018-09-09 12:00,95,13.57,10.789,5.113,0.08
2018-09-09 18:00,0,11.02,12.35,4.206,0.0575
2018-09-10 00:00,0,10.282,12.329,4.039,0.035
2018-09-10 06:00,172.5,13.075,12.265,5.756,0.125
2018-09-10 12:00,165,12.905,12.244,5.187,0.1875
2018-09-10 18:00,0,8.48,10.747,4.006,0
2018-09-11 00:00,0,8.375,10.741,3.036,0
2018-09-11 06:00,177.5,10.882,10.698,4.592,0.205
2018-09-11 12:00,70,9.77,10.636,4.398,0.185
2018-09-11 18:00,0,8.175,10.608,3.68,0
2018-09-12 00:00,0,7.918,9.114,5.025,0
2018-09-12 06:00,435,11.907,7.582,5.923,0
2018-09-12 12:00,232.5,11.95,7.593,5.7,0.19
2018-09-12 18:00,0,7.528,7.64,5.037,0
2018-09-13 00:00,0,6.184,7.673,3.974,0
2018-09-13 06:00,430,11.609,7.668,4.344,0
2018-09-13 12:00,270,13.325,7.65,5.317,0
2018-09-13 18:00,0,7.875,9.202,4.622,0
2018-09-14 00:00,0,6.3,9.196,3.348,0
2018-09-14 06:00,410,11.991,7.645,3.962,0
2018-09-14 12:00,245,13.325,7.636,5.315,0.0625
2018-09-14 18:00,0,8.766,10.691,4.958,0.0975
2018-09-15 00:00,0,7.291,9.159,3.216,0.1825
2018-09-15 06:00,437.5,10.009,7.65,4.595,0
2018-09-15 12:00,252.5,12.425,6.126,4.403,0.1
2018-09-15 18:00,0,4.879,6.167,1.867,0
2018-09-16 00:00,0,3.358,6.18,2.647,0
2018-09-16 06:00,395,10.148,6.167,3.314,0
2018-09-16 12:00,185,11.247,7.683,4.088,0.005
2018-09-16 18:00,0,7.725,10.713,4.852,0
2018-09-17 00:00,0,8.889,10.667,3.261,0.08
2018-09-17 06:00,242.5,10.3,9.167,3.414,0
2018-09-17 12:00,190,11.878,7.657,4.483,0.0475
2018-09-17 18:00,0,7.5,9.217,3.023,0
2018-09-18 00:00,0,7.325,10.729,2.511,0
2018-09-18 06:00,47.5,12.03,12.193,5.054,0
2018-09-18 12:00,215,16.891,12.119,5.828,0
2018-09-18 18:00,0,11.558,12.151,4.072,0
2018-09-19 00:00,0,13.42,13.613,5.425,0.005
2018-09-19 06:00,390,16.682,12.098,6.916,0
2018-09-19 12:00,242.5,17.093,10.599,6.672,0
2018-09-19 18:00,0,13.452,12.1,7.465,0.1625
2018-09-20 00:00,0,11.366,10.587,8.488,0.1875
2018-09-20 06:00,392.5,12.5,7.579,9.421,0.0325
2018-09-20 12:00,205,12.692,7.583,8.557,0.1
2018-09-20 18:00,0,7.979,7.62,6.048,0
2018-09-21 00:00,0,6.268,7.62,2.898,0.0025
2018-09-21 06:00,85,10.543,12.072,5.06,0.18
2018-09-21 12:00,40,13.205,13.445,5.547,0.3475
2018-09-21 18:00,0,8.268,8.964,6.744,0.1475
2018-09-22 00:00,0,7.586,8.946,4.974,0.095
2018-09-22 06:00,222.5,9.475,7.504,7.752,0
2018-09-22 12:00,165,11.25,6.02,6.802,0.0475
2018-09-22 18:00,0,6.321,7.559,4.923,0
2018-09-23 00:00,0,4.625,7.577,3.691,0.0375
2018-09-23 06:00,205,7.179,7.598,4.957,0.1425
2018-09-23 12:00,157.5,7.842,6.094,5.457,0.24
2018-09-23 18:00,0,3.096,6.126,4.25,0
2018-09-24 00:00,0,1.869,4.615,4.938,0
2018-09-24 06:00,292.5,5.584,4.632,7.021,0.07
2018-09-24 12:00,155,6.268,4.653,6.834,0.1375
2018-09-24 18:00,0,1.668,4.677,4.161,0.035
2018-09-25 00:00,0,-0.433,4.687,2.097,0
2018-09-25 06:00,282.5,6.916,4.675,5.432,0
2018-09-25 12:00,137.5,9.598,6.207,5.882,0
2018-09-25 18:00,0,7.142,7.722,7.626,0
2018-09-26 00:00,0,6.554,7.648,8.154,0
2018-09-26 06:00,172.5,10.175,9.095,7.191,0.1175
2018-09-26 12:00,165,10.973,6.085,9.49,0.0775
2018-09-26 18:00,0,6.648,6.126,7.004,0.0975
2018-09-27 00:00,0,4.769,6.146,5.557,0.0225
2018-09-27 06:00,185,7.504,6.143,4.032,0.035
2018-09-27 12:00,50,5.83,7.638,1.329,0.1275
2018-09-27 18:00,0,2.888,7.641,2.132,0
2018-09-28 00:00,0,1.735,6.145,4.318,0
2018-09-28 06:00,330,4.982,6.176,6.328,0.0025
2018-09-28 12:00,162.5,5.729,4.652,5.513,0.005
2018-09-28 18:00,0,0.248,4.663,2.075,0
2018-09-29 00:00,0,0.12,4.652,2.198,0
2018-09-29 06:00,197.5,6.135,6.167,4.84,0
2018-09-29 12:00,57.5,6.2,7.66,6.238,0.0325
2018-09-29 18:00,0,5.767,7.63,7.026,0.005
2018-09-30 00:00,0,4.255,7.62,4.381,0
2018-09-30 06:00,252.5,8.364,7.605,5.232,0
2018-09-30 12:00,167.5,9.7,7.601,4.024,0.095
2018-09-30 18:00,0,3.207,6.115,2.35,0
2018-10-01 00:00,0,1,6.124,1.539,0
2018-10-01 06:00,332.5,6.627,6.131,2.733,0.005
2018-10-01 12:00,130,6.511,6.138,2.567,0.2675
2018-10-01 18:00,0,1.055,6.144,0.868,0
2018-10-02 00:00,0,0.396,6.121,1.18,0
2018-10-02 06:00,162.5,3.339,6.089,3.019,0
2018-10-02 12:00,47.5,3.722,7.572,2.207,0.09
2018-10-02 18:00,0,1.415,6.074,2.26,0
2018-10-03 00:00,0,0.757,6.104,2.931,0
2018-10-03 06:00,285,4.35,6.129,3.339,0.0775
2018-10-03 12:00,117.5,5.454,6.15,3.228,0.2325
2018-10-03 18:00,0,0.2,6.178,2.507,0
2018-10-04 00:00,0,-1.35,4.644,1.235,0
2018-10-04 06:00,182.5,3.889,4.639,2.785,0
2018-10-04 12:00,60,3.047,6.162,3.358,0
2018-10-04 18:00,0,5.219,9.182,4.135,0
2018-10-05 00:00,0,6.95,9.149,4.262,0.0175
2018-10-05 06:00,317.5,7.675,7.648,5.092,0
2018-10-05 12:00,127.5,8.236,6.122,4.275,0
2018-10-05 18:00,0,3.986,6.127,4.846,0
2018-10-06 00:00,0,2.1,6.128,3.206,0
2018-10-06 06:00,277.5,6.275,6.127,3.813,0
2018-10-06 12:00,80,6.446,6.136,2.539,0.045
2018-10-06 18:00,0,2.155,6.16,1.886,0
2018-10-07 00:00,0,-0.075,4.631,2.041,0
2018-10-07 06:00,302.5,3.88,4.64,1.437,0
2018-10-07 12:00,125,5.405,4.64,1.658,0
2018-10-07 18:00,0,0.672,4.634,3.221,0
2018-10-08 00:00,0,3.624,6.138,7.151,0
2018-10-08 06:00,95,7.23,9.152,7.07,0.01
2018-10-08 12:00,77.5,8.12,9.166,2.513,0.1475
2018-10-08 18:00,0,5.959,7.656,3.807,0.015
2018-10-09 00:00,0,6.471,9.168,4.067,0
2018-10-09 06:00,52.5,9.079,10.669,5.18,0
2018-10-09 12:00,35,10.396,10.656,6.033,0
2018-10-09 18:00,0,9.347,10.692,4.716,0
2018-10-10 00:00,0,8.025,9.226,3.064,0
2018-10-10 06:00,207.5,9.841,9.279,2.178,0
2018-10-10 12:00,80,11.515,10.828,2.607,0
2018-10-10 18:00,0,8.001,10.88,1.934,0
2018-10-11 00:00,0,7.276,9.348,1.361,0
2018-10-11 06:00,190,9.714,10.891,1.557,0
2018-10-11 12:00,95,12.1,9.305,2.772,0
2018-10-11 18:00,0,6.801,9.326,2.107,0
2018-10-12 00:00,0,5.125,9.32,1.614,0
2018-10-12 06:00,192.5,9.129,9.296,2.155,0
2018-10-12 12:00,92.5,11.45,10.802,2.879,0
2018-10-12 18:00,0,8.459,10.815,3.851,0.0025
2018-10-13 00:00,0,10.05,10.788,5.456,0
2018-10-13 06:00,102.5,14.063,13.804,6.641,0
2018-10-13 12:00,35,16.249,13.77,6.585,0
2018-10-13 18:00,0,14.394,13.785,6.629,0
2018-10-14 00:00,0,13.25,13.794,6.225,0
2018-10-14 06:00,235,15.522,12.232,6.803,0
2018-10-14 12:00,72.5,15.7,10.677,6.017,0
2018-10-14 18:00,0,10.94,9.183,5.192,0
2018-10-15 00:00,0,8.686,9.207,1.269,0
2018-10-15 06:00,77.5,9.482,9.225,1.02,0
2018-10-15 12:00,27.5,9.808,10.756,0.978,0
2018-10-15 18:00,0,7.177,9.25,1.723,0
2018-10-16 00:00,0,4.497,7.74,1.529,0
2018-10-16 06:00,200,6.666,7.754,0.583,0
2018-10-16 12:00,42.5,7.271,7.748,2.272,0.005
2018-10-16 18:00,0,5.521,9.28,2.496,0
2018-10-17 00:00,0,7.239,9.252,3.155,0
2018-10-17 06:00,100,9.5,10.765,4.848,0
2018-10-17 12:00,32.5,10.318,10.758,4.31,0.04
2018-10-17 18:00,0,7.966,10.779,3.078,0.0675
2018-10-18 00:00,0,5.711,7.721,1.528,0.02
2018-10-18 06:00,182.5,6.946,6.188,3.176,0.195
2018-10-18 12:00,52.5,6.825,6.204,2.696,0
2018-10-18 18:00,0,2.74,6.226,2.168,0
2018-10-19 00:00,0,2.316,6.231,1.586,0
2018-10-19 06:00,172.5,6.127,6.227,1.344,0
2018-10-19 12:00,45,5.74,6.218,1.36,0
2018-10-19 18:00,0,3.144,6.214,1.474,0
2018-10-20 00:00,0,1.505,6.21,1.145,0
2018-10-20 06:00,217.5,5.297,6.22,2.121,0
2018-10-20 12:00,50,5.023,6.227,0.733,0
2018-10-20 18:00,0,2.841,6.216,2.759,0
2018-10-21 00:00,0,4.383,7.734,3.276,0
2018-10-21 06:00,65,7.868,9.238,3.703,0
2018-10-21 12:00,12.5,9.092,10.718,4.119,0.07
2018-10-21 18:00,0,7.456,9.185,4.053,0.035
2018-10-22 00:00,0,3.923,6.146,4,0
2018-10-22 06:00,205,5.064,4.614,7.116,0
2018-10-22 12:00,37.5,4.753,4.616,4.723,0
2018-10-22 18:00,0,2.428,6.111,4.161,0
2018-10-23 00:00,0,2.542,6.046,2.035,0
2018-10-23 06:00,185,3.578,6.046,3.871,0
2018-10-23 12:00,20,2.897,6.062,5.183,0.16
2018-10-23 18:00,0,0.125,4.569,5.3,0
2018-10-24 00:00,0,0.206,4.587,5.146,0
2018-10-24 06:00,195,3.234,4.601,6.762,0
2018-10-24 12:00,27.5,2.385,4.602,3.811,0
2018-10-24 18:00,0,0.388,4.579,2.419,0
2018-10-25 00:00,0,-1.195,4.554,1.296,0
2018-10-25 06:00,182.5,1.94,4.562,3.755,0
2018-10-25 12:00,27.5,1.541,4.575,2.949,0
2018-10-25 18:00,0,-0.406,4.582,2.059,0
2018-10-26 00:00,0,-1.488,4.583,1.5,0.0425
2018-10-26 06:00,180,0.324,4.591,1.253,0
2018-10-26 12:00,20,-0.832,4.593,1.602,0.045
2018-10-26 18:00,0,-2.315,4.597,2.673,0.0175
2018-10-27 00:00,0,-3.037,4.6,3.808,0
2018-10-27 06:00,122.5,-1.181,4.618,5.29,0.03
2018-10-27 12:00,10,-1.09,3.093,4.773,0.0675
2018-10-27 18:00,0,-2.499,3.109,4.205,0.0075
2018-10-28 00:00,0,-4.457,3.12,3.416,0
2018-10-28 06:00,177.5,-2.772,3.134,2.854,0
2018-10-28 12:00,12.5,-2.938,3.14,1.332,0
2018-10-28 18:00,0,-4.945,3.143,1.02,0
2018-10-29 00:00,0,-5.83,3.141,1.011,0
2018-10-29 06:00,165,-3.322,3.145,2.47,0
2018-10-29 12:00,7.5,-1.884,3.139,3.649,0.005
2018-10-29 18:00,0,-1.993,4.696,4.645,0
2018-10-30 00:00,0,-1.422,4.666,6.026,0
2018-10-30 06:00,15,-1.291,4.641,5.255,0
2018-10-30 12:00,0,0.598,6.145,4.89,0
2018-10-30 18:00,0,3.677,7.642,4.096,0.0825
2018-10-31 00:00,0,3.677,7.642,4.096,0.0825
2018-10-31 06:00,0,3.677,7.642,4.096,0.0825
2018-10-31 12:00,0,3.677,7.642,4.096,0.0825
2018-10-31 18:00,0,3.677,7.642,4.096,0.0825
