Date,Solar radiation (W/m2),Air temperature (C),Vapour pressure (mb),Wind Speed (m/s),Cloudiness (-)
2017-11-01 00:00,0,8.813,9.71,6.265,0
2017-11-01 06:00,45,9.768,11.299,6.282,0
2017-11-01 12:00,12.5,11.022,11.273,7.731,0.1575
2017-11-01 18:00,0,10.778,11.253,7.922,0.0225
2017-11-02 00:00,0,10.009,11.219,8.135,0.035
2017-11-02 06:00,125,10.248,11.2,6.411,0.06
2017-11-02 12:00,10,10.519,11.213,6.044,0.13
2017-11-02 18:00,0,9.054,11.264,4.823,0.0625
2017-11-03 00:00,0,7.791,9.69,3.417,0.0175
2017-11-03 06:00,185,9.122,9.707,3.863,0
2017-11-03 12:00,25,9.453,9.702,3.667,0.0275
2017-11-03 18:00,0,9.05,9.697,4.366,0.1675
2017-11-04 00:00,0,7.926,9.687,4.551,0.125
2017-11-04 06:00,180,9.221,9.669,5.111,0.05
2017-11-04 12:00,25,9.955,9.638,4.784,0
2017-11-04 18:00,0,8.781,9.623,6.163,0
2017-11-05 00:00,0,8.986,9.607,5.972,0
2017-11-05 06:00,160,10.469,11.189,4.686,0
2017-11-05 12:00,10,10.294,11.193,2.181,0
2017-11-05 18:00,0,8.765,9.645,4.549,0
2017-11-06 00:00,0,7.999,9.684,4.271,0.0075
2017-11-06 06:00,172.5,7.955,8.119,4.139,0
2017-11-06 12:00,32.5,8.12,8.148,3.223,0
2017-11-06 18:00,0,6.054,8.184,2.327,0
2017-11-07 00:00,0,5.231,8.195,0.729,0
2017-11-07 06:00,217.5,7.033,8.189,1.62,0.06
2017-11-07 12:00,25,7.535,8.168,3.448,0
2017-11-07 18:00,0,7.357,8.16,4.429,0.015
2017-11-08 00:00,0,6.829,9.769,4.143,0.015
2017-11-08 06:00,135,7.531,8.152,4.404,0
2017-11-08 12:00,17.5,7.539,8.148,3.346,0.015
2017-11-08 18:00,0,6.315,8.157,2.351,0.025
2017-11-09 00:00,0,5.614,8.149,1.797,0.015
2017-11-09 06:00,72.5,6.588,8.138,3.868,0.0275
2017-11-09 12:00,10,7.452,8.117,5.851,0
2017-11-09 18:00,0,7.367,9.719,7.234,0
2017-11-10 00:00,0,7.309,8.083,4.969,0
2017-11-10 06:00,90,7.926,9.655,7.045,0.09
2017-11-10 12:00,2.5,7.894,9.587,8.395,0.15
2017-11-10 18:00,0,6.551,6.399,9.605,0.0375
2017-11-11 00:00,0,5.737,6.403,9.73,0.035
2017-11-11 06:00,145,6.181,6.4,9.285,0.1125
2017-11-11 12:00,10,6.51,6.389,7.41,0.22
2017-11-11 18:00,0,5.572,7.988,7.277,0.0525
2017-11-12 00:00,0,4.702,6.397,7.166,0.08
2017-11-12 06:00,162.5,5.715,7.983,5.937,0.2075
2017-11-12 12:00,10,5.889,7.971,3.424,0.315
2017-11-12 18:00,0,5.028,7.991,2.361,0.1275
2017-11-13 00:00,0,4.424,8.019,3.508,0
2017-11-13 06:00,157.5,5.114,8.057,4.437,0
2017-11-13 12:00,7.5,5.499,6.475,4.205,0.045
2017-11-13 18:00,0,3.466,6.501,3.484,0
2017-11-14 00:00,0,2.548,6.511,3.339,0
2017-11-14 06:00,147.5,4.996,6.511,5.84,0.0975
2017-11-14 12:00,5,6.281,8.117,7.849,0.015
2017-11-14 18:00,0,6.849,8.135,6.287,0
2017-11-15 00:00,0,6.441,8.149,4.907,0
2017-11-15 06:00,117.5,7.391,8.158,5.138,0.075
2017-11-15 12:00,7.5,7.884,9.785,4.165,0
2017-11-15 18:00,0,7.199,9.801,2.77,0
2017-11-16 00:00,0,7.033,9.8,1.821,0.0275
2017-11-16 06:00,130,7.666,9.794,3.853,0.04
2017-11-16 12:00,7.5,7.545,9.769,4.493,0
2017-11-16 18:00,0,6.299,8.135,6.03,0
2017-11-17 00:00,0,6.646,8.134,5.21,0
2017-11-17 06:00,160,7.193,8.154,5.426,0.0075
2017-11-17 12:00,7.5,6.73,8.158,3.955,0
2017-11-17 18:00,0,5.166,6.525,5.104,0.0575
2017-11-18 00:00,0,4.745,6.499,7.303,0.0325
2017-11-18 06:00,80,5.748,6.462,10.052,0
2017-11-18 12:00,0,5.905,6.431,7.821,0.0775
2017-11-18 18:00,0,5.109,6.428,7.797,0.1125
2017-11-19 00:00,0,4.791,6.41,8.587,0.22
2017-11-19 06:00,122.5,5.645,6.397,8.798,0.2
2017-11-19 12:00,2.5,5.709,6.404,9.393,0.365
2017-11-19 18:00,0,3.728,6.441,7.95,0.0025
2017-11-20 00:00,0,2.968,6.462,6.088,0.025
2017-11-20 06:00,120,4.326,6.468,5.885,0.1225
2017-11-20 12:00,0,4.194,6.47,3.225,0.04
2017-11-20 18:00,0,3.27,6.471,1.335,0.025
2017-11-21 00:00,0,3.481,6.461,1.429,0
2017-11-21 06:00,92.5,4.297,6.459,1.083,0.0025
2017-11-21 12:00,0,4.546,8.068,1.987,0.01
2017-11-21 18:00,0,4.812,8.062,3.73,0.0175
2017-11-22 00:00,0,5.696,8.032,5.674,0
2017-11-22 06:00,35,7.24,9.617,6.105,0
2017-11-22 12:00,2.5,8.699,9.616,6.238,0
2017-11-22 18:00,0,7.482,9.62,6.685,0
2017-11-23 00:00,0,6.982,8.013,7.437,0
2017-11-23 06:00,125,8.311,8.002,8.31,0
2017-11-23 12:00,2.5,10.377,7.986,8.561,0
2017-11-23 18:00,0,9.664,9.616,6.74,0.0325
2017-11-24 00:00,0,7.687,9.65,5.153,0
2017-11-24 06:00,67.5,8.863,9.627,5.866,0
2017-11-24 12:00,0,8.283,9.636,3.554,0.185
2017-11-24 18:00,0,6.303,8.068,4.151,0.0325
2017-11-25 00:00,0,5.583,8.068,2.06,0
2017-11-25 06:00,37.5,5.446,8.043,0.828,0
2017-11-25 12:00,0,4.845,8.039,3.103,0
2017-11-25 18:00,0,4.266,6.456,5.078,0
2017-11-26 00:00,0,3.438,6.47,5.921,0.08
2017-11-26 06:00,97.5,3.792,6.481,8.079,0.035
2017-11-26 12:00,0,4.755,6.481,8.116,0.03
2017-11-26 18:00,0,4.755,6.488,7.911,0.005
2017-11-27 00:00,0,4.221,6.491,8.461,0
2017-11-27 06:00,105,4.07,6.487,7.777,0.035
2017-11-27 12:00,0,4.366,6.451,9.427,0.0075
2017-11-27 18:00,0,5.115,8.016,8.725,0
2017-11-28 00:00,0,5.675,7.991,7.966,0.0575
2017-11-28 06:00,57.5,5.665,7.992,8.363,0.0775
2017-11-28 12:00,0,5.604,7.989,7.478,0.1225
2017-11-28 18:00,0,4.652,6.406,5.717,0.0575
2017-11-29 00:00,0,3.505,6.41,4.19,0.0075
2017-11-29 06:00,105,3.426,6.423,3.464,0.05
2017-11-29 12:00,0,3.587,6.426,2.41,0.0625
2017-11-29 18:00,0,2.634,6.426,2.211,0.14
2017-11-30 00:00,0,2.344,6.417,2.531,0.065
2017-11-30 06:00,92.5,2.64,6.419,1.481,0.015
2017-11-30 12:00,0,2.334,6.421,0.547,0.0325
2017-11-30 18:00,0,1.521,6.436,1.799,0.075
2017-12-01 00:00,0,1.704,6.448,3.233,0.095
2017-12-01 06:00,95,2.368,6.471,3.424,0
2017-12-01 12:00,0,2.389,6.492,3.291,0
2017-12-01 18:00,0,2.045,6.519,2.727,0
2017-12-02 00:00,0,1.375,6.534,2.521,0
2017-12-02 06:00,95,2.43,6.549,2.587,0
2017-12-02 12:00,0,1.985,6.55,3.943,0.0175
2017-12-02 18:00,0,1.489,6.547,5.184,0
2017-12-03 00:00,0,0.597,6.533,6.321,0
2017-12-03 06:00,75,1.718,6.517,7.886,0
2017-12-03 12:00,0,2.646,6.495,6.541,0.0825
2017-12-03 18:00,0,3.271,6.489,6.045,0.0425
2017-12-04 00:00,0,3.755,6.486,6.111,0.1275
2017-12-04 06:00,95,3.991,6.502,6.215,0.175
2017-12-04 12:00,0,3.66,6.522,5.429,0.0025
2017-12-04 18:00,0,2.75,6.542,5.399,0
2017-12-05 00:00,0,3.68,6.538,5.17,0
2017-12-05 06:00,25,6.388,8.157,7.925,0
2017-12-05 12:00,0,6.979,8.148,9.278,0
2017-12-05 18:00,0,7.102,8.144,9.76,0
2017-12-06 00:00,0,6.972,8.139,9.685,0.0075
2017-12-06 06:00,20,6.545,8.136,9.651,0
2017-12-06 12:00,0,7.083,8.128,9.899,0
2017-12-06 18:00,0,6.878,8.128,8.664,0
2017-12-07 00:00,0,6.411,8.111,8.159,0
2017-12-07 06:00,42.5,5.64,6.474,9.275,0.0025
2017-12-07 12:00,0,5.033,6.437,8.671,0
2017-12-07 18:00,0,5.239,6.404,9.568,0
2017-12-08 00:00,0,5.839,7.973,7.499,0
2017-12-08 06:00,102.5,4.992,6.394,7.942,0
2017-12-08 12:00,0,3.934,6.397,6.939,0.1025
2017-12-08 18:00,0,2.736,6.408,7.951,0.0525
2017-12-09 00:00,0,1.717,4.805,8.53,0.0375
2017-12-09 06:00,55,2.549,6.4,8.292,0
2017-12-09 12:00,0,3.454,6.403,7.872,0.1125
2017-12-09 18:00,0,2.873,6.409,7.826,0.08
2017-12-10 00:00,0,1.773,4.8,8.758,0.1825
2017-12-10 06:00,75,1.13,4.785,7.977,0.0425
2017-12-10 12:00,0,0.988,4.751,6.811,0.13
2017-12-10 18:00,0,0.19,4.725,7.093,0
2017-12-11 00:00,0,3.298,6.283,3.726,0.1675
2017-12-11 06:00,52.5,2.752,6.312,1.91,0.015
2017-12-11 12:00,0,3.239,6.31,3.101,0
2017-12-11 18:00,0,4.371,7.871,4.472,0
2017-12-12 00:00,0,5.202,7.873,3.981,0
2017-12-12 06:00,42.5,4.624,6.336,7.633,0.005
2017-12-12 12:00,0,3.33,6.394,7.39,0.0375
2017-12-12 18:00,0,2.537,6.446,6.749,0.0375
2017-12-13 00:00,0,1.903,6.462,7.39,0.03
2017-12-13 06:00,90,2.09,4.843,8.326,0
2017-12-13 12:00,0,2.744,6.407,9.239,0
2017-12-13 18:00,0,2.949,6.356,10.037,0
2017-12-14 00:00,0,3.544,6.301,8.319,0
2017-12-14 06:00,40,4.126,6.295,8.253,0.03
2017-12-14 12:00,0,3.672,6.322,7.775,0.0625
2017-12-14 18:00,0,3.133,6.331,7.268,0.0825
2017-12-15 00:00,0,1.87,6.338,5.274,0.0225
2017-12-15 06:00,57.5,2.601,6.35,4.132,0.005
2017-12-15 12:00,0,2.813,6.371,4.374,0.08
2017-12-15 18:00,0,2.01,6.388,4.068,0.2175
2017-12-16 00:00,0,2.029,6.394,3.975,0.1625
2017-12-16 06:00,67.5,2.252,6.41,4.627,0.0375
2017-12-16 12:00,0,2.251,6.429,3.868,0
2017-12-16 18:00,0,1.398,6.452,3.59,0.0375
2017-12-17 00:00,0,1.068,4.854,3.881,0.0825
2017-12-17 06:00,72.5,1.296,4.878,3.107,0.0375
2017-12-17 12:00,0,1.119,4.894,2.439,0.08
2017-12-17 18:00,0,0.807,4.903,2.648,0
2017-12-18 00:00,0,0.677,4.904,3.65,0.0025
2017-12-18 06:00,72.5,1.108,4.918,3.327,0
2017-12-18 12:00,0,1.078,4.925,3.196,0
2017-12-18 18:00,0,0.758,4.93,3.968,0
2017-12-19 00:00,0,1.479,6.568,3.16,0
2017-12-19 06:00,47.5,2.253,6.579,2.628,0.0275
2017-12-19 12:00,0,2.367,6.582,1.74,0
2017-12-19 18:00,0,1.892,6.591,0.083,0
2017-12-20 00:00,0,2.146,6.594,1.922,0
2017-12-20 06:00,62.5,2.748,6.598,3.178,0.0025
2017-12-20 12:00,0,3.19,6.588,3.972,0
2017-12-20 18:00,0,3.923,8.221,4.368,0
2017-12-21 00:00,0,4.957,8.199,4.784,0
2017-12-21 06:00,37.5,5.039,8.195,5.381,0
2017-12-21 12:00,0,4.975,8.196,5.101,0
2017-12-21 18:00,0,4.176,8.206,6.076,0
2017-12-22 00:00,0,4.699,8.2,6.247,0
2017-12-22 06:00,52.5,5.039,8.205,6.306,0.0025
2017-12-22 12:00,0,4.967,6.566,6.375,0.0075
2017-12-22 18:00,0,3.817,6.576,6.285,0
2017-12-23 00:00,0,4.361,8.179,8.642,0
2017-12-23 06:00,17.5,5.979,8.139,10.185,0
2017-12-23 12:00,0,7.784,9.715,11.441,0
2017-12-23 18:00,0,8.473,9.695,12.11,0
2017-12-24 00:00,0,8.671,9.691,11.52,0.035
2017-12-24 06:00,22.5,8.099,9.7,8.764,0
2017-12-24 12:00,0,8.166,9.672,11.169,0
2017-12-24 18:00,0,8.379,9.669,10.825,0
2017-12-25 00:00,0,7.835,9.68,8.53,0
2017-12-25 06:00,37.5,7.68,8.072,8.882,0
2017-12-25 12:00,0,7.475,8.064,7.919,0.0025
2017-12-25 18:00,0,5.251,8.051,6.936,0
2017-12-26 00:00,0,3.828,6.418,7.219,0
2017-12-26 06:00,62.5,4.797,6.386,8.798,0
2017-12-26 12:00,0,6.486,7.956,8.158,0.04
2017-12-26 18:00,0,4.448,6.381,7.524,0
2017-12-27 00:00,0,2.995,6.37,5.333,0
2017-12-27 06:00,72.5,3.315,6.348,5.948,0
2017-12-27 12:00,0,3.909,6.317,5.47,0
2017-12-27 18:00,0,3.021,6.311,4.732,0
2017-12-28 00:00,0,2.854,6.309,2.849,0
2017-12-28 06:00,35,3.455,6.325,3.433,0
2017-12-28 12:00,0,3.629,6.347,4.31,0
2017-12-28 18:00,0,2.764,6.376,6.26,0.0175
2017-12-29 00:00,0,2.434,6.395,6.621,0.09
2017-12-29 06:00,60,3.028,6.411,7.432,0.0675
2017-12-29 12:00,0,2.714,6.417,5.937,0.0775
2017-12-29 18:00,0,1.279,4.818,4.956,0.035
2017-12-30 00:00,0,0.97,4.816,6.433,0
2017-12-30 06:00,67.5,1.612,4.808,8.025,0
2017-12-30 12:00,0,2.909,6.378,7.495,0
2017-12-30 18:00,0,5.163,7.938,5.088,0.135
2017-12-31 00:00,0,4.343,7.981,5.308,0.0125
2017-12-31 06:00,55,4.622,8.004,3.687,0
2017-12-31 12:00,0,7.707,9.55,6.838,0
2017-12-31 18:00,0,8.655,9.528,6.636,0.05
2018-01-01 00:00,0,8.346,9.515,6.269,0.0925
2018-01-01 06:00,70,7.387,7.954,9.471,0.12
2018-01-01 12:00,2.5,6.112,6.384,8.107,0.0025
2018-01-01 18:00,0,4.548,6.391,5.997,0
2018-01-02 00:00,0,4.128,7.986,3.088,0
2018-01-02 06:00,40,4.269,8.013,3.958,0
2018-01-02 12:00,0,4.785,8.038,4.798,0.055
2018-01-02 18:00,0,4.045,8.041,4.971,0.0875
2018-01-03 00:00,0,3.466,6.383,8.04,0
2018-01-03 06:00,15,4.166,6.296,10.814,0
2018-01-03 12:00,0,5.385,7.85,6.274,0.0575
2018-01-03 18:00,0,5.279,7.856,5.235,0
2018-01-04 00:00,0,5.363,7.876,5.109,0.04
2018-01-04 06:00,40,5.27,7.912,6.692,0.03
2018-01-04 12:00,2.5,5.427,7.92,4.901,0.1175
2018-01-04 18:00,0,4.931,7.905,4.437,0.0525
2018-01-05 00:00,0,5.778,7.89,4.32,0.05
2018-01-05 06:00,30,5.894,7.907,6.648,0
2018-01-05 12:00,2.5,5.5,7.943,4.409,0
2018-01-05 18:00,0,3.929,6.391,3.075,0.04
2018-01-06 00:00,0,4.271,8,2.391,0.065
2018-01-06 06:00,57.5,3.986,8.029,0.517,0
2018-01-06 12:00,2.5,4.141,6.455,1.97,0
2018-01-06 18:00,0,2.995,6.498,5.441,0
2018-01-07 00:00,0,1.775,4.907,5.418,0
2018-01-07 06:00,70,1.577,4.939,3.768,0
2018-01-07 12:00,5,0.991,4.952,1.054,0
2018-01-07 18:00,0,0.155,4.962,1.654,0
2018-01-08 00:00,0,0.061,4.961,1.767,0
2018-01-08 06:00,105,0.542,4.969,1.403,0
2018-01-08 12:00,7.5,0.918,4.964,3.213,0
2018-01-08 18:00,0,0.928,4.961,4.963,0
2018-01-09 00:00,0,1.542,3.297,6.966,0
2018-01-09 06:00,92.5,2.854,3.283,9.309,0
2018-01-09 12:00,7.5,4.083,4.889,9.412,0
2018-01-09 18:00,0,2.892,4.878,7.817,0
2018-01-10 00:00,0,2.86,6.484,5.088,0
2018-01-10 06:00,60,2.747,6.485,4.167,0
2018-01-10 12:00,5,3.462,6.48,3.71,0
2018-01-10 18:00,0,2.734,6.486,2.636,0
2018-01-11 00:00,0,2.545,6.489,2.618,0
2018-01-11 06:00,35,2.623,6.503,3.392,0
2018-01-11 12:00,2.5,2.537,6.518,3.707,0
2018-01-11 18:00,0,1.99,6.54,4.214,0
2018-01-12 00:00,0,1.77,6.562,5.048,0
2018-01-12 06:00,42.5,1.848,6.583,5.417,0.0175
2018-01-12 12:00,2.5,1.935,6.594,5.512,0.035
2018-01-12 18:00,0,1.111,4.957,5.89,0.025
2018-01-13 00:00,0,0.017,4.96,5.564,0
2018-01-13 06:00,75,-0.157,4.962,6.497,0
2018-01-13 12:00,10,-0.188,4.958,5.791,0.005
2018-01-13 18:00,0,-0.685,4.955,6.059,0.0175
2018-01-14 00:00,0,-1.134,3.301,5.617,0
2018-01-14 06:00,107.5,-1.411,3.3,6.665,0
2018-01-14 12:00,15,-1.431,3.294,5.308,0
2018-01-14 18:00,0,-2.287,3.287,6.168,0
2018-01-15 00:00,0,-2.291,3.275,6.712,0
2018-01-15 06:00,115,-1.151,4.887,8.865,0
2018-01-15 12:00,10,1.023,4.847,9.575,0
2018-01-15 18:00,0,1.024,4.806,11.325,0
2018-01-16 00:00,0,2.061,6.343,11.29,0
2018-01-16 06:00,52.5,2.431,6.326,7.413,0.0725
2018-01-16 12:00,10,2.796,6.311,5.247,0.07
2018-01-16 18:00,0,1.733,6.316,5.862,0
2018-01-17 00:00,0,0.836,6.32,5.717,0
2018-01-17 06:00,75,1.329,6.332,5.263,0.06
2018-01-17 12:00,12.5,1.885,6.353,5.615,0.0825
2018-01-17 18:00,0,0.999,6.379,5.575,0.0075
2018-01-18 00:00,0,1.324,6.388,6.491,0.07
2018-01-18 06:00,47.5,1.688,6.357,6.212,0.05
2018-01-18 12:00,5,3.181,6.294,1.463,0.11
2018-01-18 18:00,0,1.527,6.352,5.902,0
2018-01-19 00:00,0,1.163,6.388,3.376,0.0275
2018-01-19 06:00,85,1.098,6.415,2.814,0.05
2018-01-19 12:00,22.5,1.867,6.431,3.223,0.1825
2018-01-19 18:00,0,0.943,6.44,3.524,0
2018-01-20 00:00,0,0.485,6.436,3.507,0.0325
2018-01-20 06:00,87.5,1.09,6.434,4.013,0
2018-01-20 12:00,22.5,1.106,6.423,2.4,0.0875
2018-01-20 18:00,0,-0.003,6.422,2.13,0.1425
2018-01-21 00:00,0,-0.319,4.831,1.339,0
2018-01-21 06:00,112.5,0.427,4.856,1.562,0
2018-01-21 12:00,32.5,0.427,4.877,0.853,0
2018-01-21 18:00,0,-0.33,4.884,2.187,0
2018-01-22 00:00,0,-0.121,4.871,4.337,0
2018-01-22 06:00,72.5,0.247,4.863,6.246,0
2018-01-22 12:00,17.5,0.664,4.852,5.914,0
2018-01-22 18:00,0,-0.228,4.865,4.638,0
2018-01-23 00:00,0,-1.214,4.883,2.077,0
2018-01-23 06:00,100,-0.007,4.902,3.425,0
2018-01-23 12:00,20,1.531,6.531,4.736,0.015
2018-01-23 18:00,0,2.86,6.51,7.618,0.0575
2018-01-24 00:00,0,4.492,8.099,8.426,0
2018-01-24 06:00,60,5.937,8.101,6.878,0
2018-01-24 12:00,27.5,7.452,9.682,8.203,0
2018-01-24 18:00,0,7.462,9.654,9.766,0
2018-01-25 00:00,0,7.053,8.048,7.398,0
2018-01-25 06:00,82.5,6.696,8.073,6.355,0.0025
2018-01-25 12:00,20,6.601,8.082,4.232,0
2018-01-25 18:00,0,5.877,8.092,3.656,0.04
2018-01-26 00:00,0,5.134,8.089,2.132,0
2018-01-26 06:00,70,4.847,8.109,1.031,0
2018-01-26 12:00,27.5,5.27,8.13,1.767,0
2018-01-26 18:00,0,3.964,8.164,2.376,0
2018-01-27 00:00,0,3.656,6.554,3.288,0.0025
2018-01-27 06:00,102.5,4.048,8.215,3.795,0.07
2018-01-27 12:00,37.5,4.898,6.574,4.004,0.125
2018-01-27 18:00,0,4.126,6.55,7.737,0
2018-01-28 00:00,0,4.853,6.504,10.598,0
2018-01-28 06:00,77.5,5.925,8.137,9.31,0.0775
2018-01-28 12:00,12.5,6.577,8.138,9.793,0.1025
2018-01-28 18:00,0,6.422,8.136,8.259,0
2018-01-29 00:00,0,7.646,9.732,8.511,0.03
2018-01-29 06:00,22.5,7.981,8.088,11.471,0.0325
2018-01-29 12:00,12.5,7.637,8.067,10.84,0.0325
2018-01-29 18:00,0,5.894,8.073,9.916,0.09
2018-01-30 00:00,0,4.092,6.496,10.142,0.03
2018-01-30 06:00,97.5,4.271,6.521,9.235,0.075
2018-01-30 12:00,37.5,4.616,6.529,7.208,0.085
2018-01-30 18:00,0,2.568,6.531,5.028,0
2018-01-31 00:00,0,1.93,6.498,4.863,0
2018-01-31 06:00,75,3.42,6.445,8.272,0
2018-01-31 12:00,12.5,6.099,7.976,8.214,0
2018-01-31 18:00,0,5.403,7.948,7.111,0.04
2018-02-01 00:00,0,3.63,6.365,6.562,0.0775
2018-02-01 06:00,115,3.146,6.38,6.825,0.0225
2018-02-01 12:00,47.5,3.856,6.385,5.579,0.115
2018-02-01 18:00,0,2.404,6.395,6.24,0.06
2018-02-02 00:00,0,1.139,6.397,5.618,0
2018-02-02 06:00,142.5,2.186,6.408,5.794,0
2018-02-02 12:00,52.5,2.978,6.409,3.492,0
2018-02-02 18:00,0,2.246,6.415,2.709,0
2018-02-03 00:00,0,0.79,6.413,2.463,0.105
2018-02-03 06:00,102.5,0.329,4.819,3.162,0
2018-02-03 12:00,45,0.582,4.823,2.586,0.0975
2018-02-03 18:00,0,-0.904,4.837,1.86,0.0375
2018-02-04 00:00,0,-0.691,4.854,3.126,0
2018-02-04 06:00,115,0.813,4.883,5.774,0.045
2018-02-04 12:00,57.5,1.811,4.906,5.01,0.1325
2018-02-04 18:00,0,-0.246,4.93,5.64,0
2018-02-05 00:00,0,-1.303,4.938,4.358,0.055
2018-02-05 06:00,165,-0.511,4.947,4.759,0.0725
2018-02-05 12:00,82.5,-0.442,3.292,3.153,0.05
2018-02-05 18:00,0,-2.532,3.286,1.654,0
2018-02-06 00:00,0,-3.042,3.273,1.385,0
2018-02-06 06:00,187.5,-2.455,3.265,1.027,0
2018-02-06 12:00,77.5,-1.136,3.257,0.754,0.0925
2018-02-06 18:00,0,-2.164,3.256,0.71,0.105
2018-02-07 00:00,0,-2.208,3.251,0.735,0.0775
2018-02-07 06:00,202.5,-1.389,3.257,0.803,0.0025
2018-02-07 12:00,95,-0.426,3.258,0.351,0
2018-02-07 18:00,0,-2.269,3.261,0.097,0
2018-02-08 00:00,0,-2.462,3.261,1.304,0
2018-02-08 06:00,207.5,-0.771,3.267,1.046,0
2018-02-08 12:00,100,0.343,4.897,1.325,0
2018-02-08 18:00,0,-1.472,3.268,1.513,0
2018-02-09 00:00,0,-2.051,3.263,3.308,0
2018-02-09 06:00,185,-1.101,3.261,4.359,0
2018-02-09 12:00,110,0.27,4.88,4.128,0
2018-02-09 18:00,0,-1.384,4.881,4.24,0
2018-02-10 00:00,0,-1.97,4.878,2.885,0
2018-02-10 06:00,187.5,-0.635,4.881,3.165,0
2018-02-10 12:00,85,0.557,4.872,2.407,0
2018-02-10 18:00,0,-0.062,4.861,3.578,0.0675
2018-02-11 00:00,0,-0.21,4.841,4.584,0.0525
2018-02-11 06:00,115,1.619,4.814,7.959,0
2018-02-11 12:00,35,2.51,6.39,7.223,0.0125
2018-02-11 18:00,0,1.961,6.396,6.735,0
2018-02-12 00:00,0,0.787,6.409,7.126,0
2018-02-12 06:00,192.5,1.893,6.423,8.213,0
2018-02-12 12:00,82.5,3.03,6.443,7.116,0.04
2018-02-12 18:00,0,0.525,4.856,5.944,0
2018-02-13 00:00,0,-0.31,4.866,5.095,0.0175
2018-02-13 06:00,200,1.005,4.871,4.627,0.0125
2018-02-13 12:00,107.5,2.19,4.87,2.837,0.02
2018-02-13 18:00,0,0.272,4.879,2.818,0.07
2018-02-14 00:00,0,-0.51,4.886,2.06,0
2018-02-14 06:00,242.5,1.195,4.9,2.394,0
2018-02-14 12:00,135,1.795,4.905,2.356,0
2018-02-14 18:00,0,-0.573,4.91,4.348,0
2018-02-15 00:00,0,-1.033,4.905,5.033,0
2018-02-15 06:00,212.5,0.597,4.899,7.215,0
2018-02-15 12:00,75,1.662,4.883,7.843,0
2018-02-15 18:00,0,0.845,4.875,7.049,0
2018-02-16 00:00,0,0.868,6.494,4.861,0
2018-02-16 06:00,240,2.765,6.515,5.957,0
2018-02-16 12:00,132.5,3.84,6.526,6.293,0
2018-02-16 18:00,0,1.287,6.542,5.282,0.0025
2018-02-17 00:00,0,0.029,4.915,3.615,0
2018-02-17 06:00,175,1.775,6.548,2.512,0.0125
2018-02-17 12:00,117.5,2.715,6.545,1.94,0.015
2018-02-17 18:00,0,0.377,4.922,1.482,0
2018-02-18 00:00,0,-0.275,4.928,0.852,0.0125
2018-02-18 06:00,170,2.151,4.934,1.463,0.04
2018-02-18 12:00,80,2.737,4.929,2.584,0.005
2018-02-18 18:00,0,0.602,4.925,3.353,0
2018-02-19 00:00,0,0.167,4.911,3.479,0
2018-02-19 06:00,177.5,1.525,4.905,3.932,0
2018-02-19 12:00,107.5,2.572,4.897,2.455,0
2018-02-19 18:00,0,0.556,4.899,3.16,0
2018-02-20 00:00,0,-0.078,4.899,3.601,0
2018-02-20 06:00,215,1.339,4.903,4.367,0.055
2018-02-20 12:00,165,2.439,4.905,4.266,0
2018-02-20 18:00,0,-0.289,4.916,3.732,0.045
2018-02-21 00:00,0,-0.707,4.919,2.487,0.0975
2018-02-21 06:00,215,0.918,4.924,2.835,0.085
2018-02-21 12:00,120,1.919,4.922,1.905,0.005
2018-02-21 18:00,0,-0.83,4.926,1.208,0
2018-02-22 00:00,0,-1.183,4.923,1.475,0
2018-02-22 06:00,270,0.349,4.928,4.434,0.04
2018-02-22 12:00,150,0.816,3.284,4.39,0.06
2018-02-22 18:00,0,-2.036,3.287,4.136,0.03
2018-02-23 00:00,0,-2.902,3.285,3.417,0
2018-02-23 06:00,305,-2.043,3.289,2.468,0
2018-02-23 12:00,182.5,-0.495,3.287,1.604,0
2018-02-23 18:00,0,-1.667,3.29,4.756,0
2018-02-24 00:00,0,-2.272,3.293,5.38,0.0125
2018-02-24 06:00,282.5,-1.514,3.302,7.743,0.0775
2018-02-24 12:00,165,-1.164,3.304,6.851,0.0975
2018-02-24 18:00,0,-3.236,3.307,5.315,0.105
2018-02-25 00:00,0,-4.391,3.305,4.294,0.085
2018-02-25 06:00,265,-3.893,3.305,5.453,0.09
2018-02-25 12:00,142.5,-2.541,3.302,5.508,0.135
2018-02-25 18:00,0,-3.958,3.302,5.672,0.1975
2018-02-26 00:00,0,-5.009,3.298,5.248,0.0875
2018-02-26 06:00,252.5,-4.005,3.297,5.324,0.075
2018-02-26 12:00,165,-3.124,3.29,5.504,0.065
2018-02-26 18:00,0,-4.57,3.286,6.136,0.13
2018-02-27 00:00,0,-6.053,1.639,5.477,0.005
2018-02-27 06:00,187.5,-5.735,3.274,4.127,0.08
2018-02-27 12:00,140,-4.768,1.639,6.368,0.07
2018-02-27 18:00,0,-6.775,1.641,8.386,0.185
2018-02-28 00:00,0,-8.077,1.642,7.146,0.0975
2018-02-28 06:00,255,-7.224,1.646,8.037,0.105
2018-02-28 12:00,165,-5.309,1.647,7.841,0.1
2018-02-28 18:00,0,-5.828,1.646,7.665,0.0775
2018-03-01 00:00,0,-6.838,1.64,6.941,0.0875
2018-03-01 06:00,267.5,-6.336,3.268,7.568,0.095
2018-03-01 12:00,165,-4.636,3.259,7.512,0.065
2018-03-01 18:00,0,-5.665,3.248,7.056,0.07
2018-03-02 00:00,0,-7.063,3.233,3.146,0
2018-03-02 06:00,267.5,-6.049,3.227,6.262,0.0075
2018-03-02 12:00,190,-4.073,3.221,7.021,0
2018-03-02 18:00,0,-4.922,3.224,6.124,0.0275
2018-03-03 00:00,0,-5.887,3.221,4.165,0
2018-03-03 06:00,272.5,-4.446,3.223,4.744,0.055
2018-03-03 12:00,190,-2.297,3.223,5.262,0.0025
2018-03-03 18:00,0,-3.885,3.226,4.872,0.005
2018-03-04 00:00,0,-4.951,3.223,4.145,0.0125
2018-03-04 06:00,350,-3.221,3.222,5.811,0
2018-03-04 12:00,235,0.312,3.217,6.135,0
2018-03-04 18:00,0,-1.046,3.212,6.289,0
2018-03-05 00:00,0,-1.515,3.204,6.064,0
2018-03-05 06:00,210,0.377,4.799,6.059,0
2018-03-05 12:00,187.5,3.306,6.386,3.745,0
2018-03-05 18:00,0,0.57,4.793,3.834,0
2018-03-06 00:00,0,-0.008,4.786,2.518,0
2018-03-06 06:00,330,1.833,4.783,3.41,0
2018-03-06 12:00,160,2.835,6.363,4.547,0
2018-03-06 18:00,0,1.125,6.362,4.442,0
2018-03-07 00:00,0,0.887,6.352,3.713,0
2018-03-07 06:00,142.5,1.46,6.355,3.419,0
2018-03-07 12:00,60,1.665,6.361,1.73,0
2018-03-07 18:00,0,-0.018,6.373,0.17,0
2018-03-08 00:00,0,0.679,6.379,2.311,0
2018-03-08 06:00,150,2.534,6.395,4.813,0
2018-03-08 12:00,180,4.529,6.399,4.49,0.0125
2018-03-08 18:00,0,2.54,6.394,4.894,0
2018-03-09 00:00,0,2.176,6.388,6.065,0
2018-03-09 06:00,255,3.853,6.405,7.131,0.005
2018-03-09 12:00,150,4.779,6.423,6.391,0.15
2018-03-09 18:00,0,1.061,6.446,1.879,0
2018-03-10 00:00,0,0.753,6.443,1.273,0
2018-03-10 06:00,212.5,2.863,6.438,3.862,0
2018-03-10 12:00,115,4.835,8.027,4.575,0
2018-03-10 18:00,0,4.831,8.021,4.516,0
2018-03-11 00:00,0,4.268,8.006,3.348,0
2018-03-11 06:00,250,7.18,9.581,3.878,0
2018-03-11 12:00,147.5,10.3,9.536,3.738,0
2018-03-11 18:00,0,7.505,9.537,4.511,0
2018-03-12 00:00,0,6.163,9.515,2.623,0
2018-03-12 06:00,212.5,7.275,9.491,2.377,0
2018-03-12 12:00,82.5,8.039,9.472,0.332,0
2018-03-12 18:00,0,6.602,9.486,2.534,0.005
2018-03-13 00:00,0,5.546,7.921,4.413,0
2018-03-13 06:00,155,6.612,7.943,5.369,0.0275
2018-03-13 12:00,75,6.536,7.968,4.983,0.1575
2018-03-13 18:00,0,3.814,8.01,4.779,0
2018-03-14 00:00,0,2.636,6.436,3.462,0.005
2018-03-14 06:00,215,3.014,6.463,2.645,0.1025
2018-03-14 12:00,117.5,3.224,6.473,2.233,0.0975
2018-03-14 18:00,0,0.764,6.481,3.744,0
2018-03-15 00:00,0,0.279,4.862,5.468,0.0275
2018-03-15 06:00,200,1.624,4.86,7.563,0.07
2018-03-15 12:00,155,2.741,4.853,8.943,0.0325
2018-03-15 18:00,0,0.416,4.857,9.917,0
2018-03-16 00:00,0,-0.273,4.854,10.417,0.005
2018-03-16 06:00,222.5,-0.365,3.242,10.864,0.0575
2018-03-16 12:00,157.5,-0.498,3.245,10.859,0.03
2018-03-16 18:00,0,-2.275,3.253,10.206,0.115
2018-03-17 00:00,0,-3.507,1.629,10.169,0.135
2018-03-17 06:00,365,-2.783,1.632,11.507,0.0825
2018-03-17 12:00,302.5,-1.325,1.631,11.357,0
2018-03-17 18:00,0,-2.79,1.633,10.46,0.09
2018-03-18 00:00,0,-3.301,1.634,9.393,0.045
2018-03-18 06:00,472.5,-1.795,1.636,8.989,0
2018-03-18 12:00,325,0.079,3.266,7.967,0
2018-03-18 18:00,0,-2.271,3.266,5.341,0
2018-03-19 00:00,0,-3.039,3.259,2.142,0
2018-03-19 06:00,485,-0.395,3.258,1.37,0
2018-03-19 12:00,327.5,1.937,3.247,1.164,0
2018-03-19 18:00,0,-1.354,3.24,3.107,0
2018-03-20 00:00,0,-1.637,3.233,2.803,0
2018-03-20 06:00,375,1.069,4.865,4.161,0
2018-03-20 12:00,270,2.6,4.887,5.186,0.065
2018-03-20 18:00,0,-1.602,4.911,2.663,0
2018-03-21 00:00,0,-1.941,4.918,2.382,0
2018-03-21 06:00,465,2.219,4.917,4.086,0
2018-03-21 12:00,262.5,3.736,4.904,5.728,0.015
2018-03-21 18:00,0,0.934,4.895,5.825,0.0725
2018-03-22 00:00,0,0.678,6.488,6.995,0.05
2018-03-22 06:00,147.5,1.772,6.459,5.57,0
2018-03-22 12:00,135,2.3,6.449,2.08,0
2018-03-22 18:00,0,1.591,6.454,1.636,0.01
2018-03-23 00:00,0,1.214,6.445,1.424,0
2018-03-23 06:00,280,2.143,6.446,0.259,0
2018-03-23 12:00,222.5,3.124,6.435,1.703,0.045
2018-03-23 18:00,0,1.245,6.436,2.478,0
2018-03-24 00:00,0,0.248,4.825,2.387,0
2018-03-24 06:00,390,3.938,6.433,3.163,0
2018-03-24 12:00,230,4.942,6.43,2.752,0
2018-03-24 18:00,0,1.757,6.44,2.53,0
2018-03-25 00:00,0,1.354,6.443,1.923,0
2018-03-25 06:00,487.5,6.044,6.442,2.735,0
2018-03-25 12:00,235,7.56,6.436,2.763,0
2018-03-25 18:00,0,4.019,6.452,2.178,0
2018-03-26 00:00,0,3.117,6.456,2.725,0
2018-03-26 06:00,400,5.302,6.464,3.237,0
2018-03-26 12:00,195,5.578,6.475,2.001,0.18
2018-03-26 18:00,0,1.695,6.493,0.999,0.0275
2018-03-27 00:00,0,0.782,6.495,0.509,0.05
2018-03-27 06:00,392.5,3.9,6.493,1.047,0.0775
2018-03-27 12:00,280,4.389,4.863,2.213,0.0575
2018-03-27 18:00,0,0.642,4.864,5.973,0
2018-03-28 00:00,0,-0.184,4.854,7.372,0
2018-03-28 06:00,282.5,1.079,4.849,7.975,0
2018-03-28 12:00,227.5,1.583,4.836,8.302,0
2018-03-28 18:00,0,1.482,4.817,8.656,0
2018-03-29 00:00,0,2.489,6.391,5.922,0.0225
2018-03-29 06:00,122.5,2.376,6.407,3.22,0.0725
2018-03-29 12:00,190,4.02,6.411,0.848,0.135
2018-03-29 18:00,0,1.071,6.432,1.801,0
2018-03-30 00:00,0,-0.315,4.836,2.747,0
2018-03-30 06:00,460,3.026,6.457,1.834,0
2018-03-30 12:00,365,5.445,6.444,3.121,0
2018-03-30 18:00,0,1.872,4.838,4.955,0
2018-03-31 00:00,0,1.137,4.824,6.233,0
2018-03-31 06:00,235,2.698,6.417,6.763,0
2018-03-31 12:00,90,3.49,6.397,6.427,0
2018-03-31 18:00,0,2.057,6.395,4.745,0
2018-04-01 00:00,0,1.753,6.383,5.226,0
2018-04-01 06:00,135,1.535,6.395,6.016,0.0025
2018-04-01 12:00,117.5,1.87,6.412,6.939,0.015
2018-04-01 18:00,0,1.005,6.434,6.303,0
2018-04-02 00:00,0,-0.744,4.836,5.819,0
2018-04-02 06:00,567.5,2.91,4.842,5.187,0
2018-04-02 12:00,355,5.425,6.446,4.489,0
2018-04-02 18:00,0,2.291,6.444,2.701,0
2018-04-03 00:00,0,3.518,6.421,4.679,0
2018-04-03 06:00,202.5,6.521,8.003,4.236,0
2018-04-03 12:00,297.5,11.223,9.577,3.33,0
2018-04-03 18:00,0,8.284,9.598,4.285,0.23
2018-04-04 00:00,0,8.343,9.582,4.818,0.1275
2018-04-04 06:00,0,8.343,9.582,4.818,0.1275
2018-04-04 12:00,332.5,13.482,9.554,2.38,0.1275
2018-04-04 18:00,0,9.207,9.57,4.24,0.0925
2018-04-05 00:00,0,7.242,9.579,5.617,0
2018-04-05 06:00,362.5,9.436,9.59,6.21,0.185
2018-04-05 12:00,367.5,10.29,9.604,7.119,0.1625
2018-04-05 18:00,0,4.61,6.478,8.034,0
2018-04-06 00:00,0,1.78,6.517,7.059,0
2018-04-06 06:00,582.5,5.68,6.531,6.564,0
2018-04-06 12:00,405,8.66,6.528,3.687,0
2018-04-06 18:00,0,4.63,4.911,1.462,0
2018-04-07 00:00,0,3.605,4.905,5.03,0
2018-04-07 06:00,585,8.281,6.512,7.465,0
2018-04-07 12:00,410,13.329,8.073,6.515,0
2018-04-07 18:00,0,10.06,8.082,5.736,0
2018-04-08 00:00,0,7.74,8.082,4.55,0
2018-04-08 06:00,587.5,11.525,8.058,5.465,0
2018-04-08 12:00,405,15.415,9.608,4.626,0
2018-04-08 18:00,0,10.667,9.635,2.554,0
2018-04-09 00:00,0,8.686,9.63,1.216,0
2018-04-09 06:00,585,14.103,9.59,0.836,0
2018-04-09 12:00,410,16.6,9.559,0.778,0
2018-04-09 18:00,0,10.814,9.614,2.225,0
2018-04-10 00:00,0,9.164,9.625,4.808,0
2018-04-10 06:00,555,11.525,9.634,7.948,0
2018-04-10 12:00,407.5,13.934,9.621,8.99,0
2018-04-10 18:00,0,9.222,9.674,9.33,0.0525
2018-04-11 00:00,0,7.695,9.685,8.169,0
2018-04-11 06:00,437.5,8.95,9.696,8.546,0
2018-04-11 12:00,412.5,10.991,9.671,8.713,0
2018-04-11 18:00,0,8.175,9.686,7.706,0
2018-04-12 00:00,0,7.373,9.674,7.237,0
2018-04-12 06:00,557.5,11.217,9.646,9.177,0
2018-04-12 12:00,335,13.306,9.615,9.465,0
2018-04-12 18:00,0,11.19,11.227,9.111,0.055
2018-04-13 00:00,0,10.352,11.229,8.212,0.0475
2018-04-13 06:00,405,11.846,11.226,8.317,0
2018-04-13 12:00,287.5,12.032,11.222,7.293,0.305
2018-04-13 18:00,0,9.35,11.261,4.747,0.0975
2018-04-14 00:00,0,8.905,11.279,2.794,0
2018-04-14 06:00,370,10.35,11.306,3.483,0.0775
2018-04-14 12:00,217.5,11.775,11.311,4.608,0.17
2018-04-14 18:00,0,8.214,9.735,2.659,0
2018-04-15 00:00,0,7.406,9.731,2.11,0
2018-04-15 06:00,582.5,12.989,9.681,1.603,0
2018-04-15 12:00,222.5,14.589,9.638,1.804,0
2018-04-15 18:00,0,9.875,9.672,1.548,0
2018-04-16 00:00,0,9.064,9.663,2.474,0
2018-04-16 06:00,242.5,9.4,9.677,2.699,0
2018-04-16 12:00,177.5,10.056,11.291,1.531,0
2018-04-16 18:00,0,8.738,9.722,2.52,0
2018-04-17 00:00,0,7.11,9.76,3.287,0
2018-04-17 06:00,627.5,11.788,9.771,3.623,0
2018-04-17 12:00,447.5,13.167,9.773,3.826,0
2018-04-17 18:00,0,9.14,9.827,2.101,0
2018-04-18 00:00,0,8.319,9.843,2.603,0
2018-04-18 06:00,625,14.756,11.436,3.743,0
2018-04-18 12:00,442.5,17.202,11.403,4.494,0
2018-04-18 18:00,0,12.345,11.464,2.631,0
2018-04-19 00:00,0,10.209,11.484,1.348,0
2018-04-19 06:00,627.5,15.614,11.436,0.374,0
2018-04-19 12:00,447.5,17.975,13.008,0.174,0
2018-04-19 18:00,0,12.773,11.434,1.508,0
2018-04-20 00:00,0,10.987,11.427,2.835,0
2018-04-20 06:00,637.5,16.88,12.954,4.252,0
2018-04-20 12:00,455,21.179,12.828,5.109,0
2018-04-20 18:00,0,14.412,12.899,5.312,0
2018-04-21 00:00,0,11.114,11.321,4.897,0
2018-04-21 06:00,655,14.293,9.701,5.12,0
2018-04-21 12:00,465,15.655,9.686,4.819,0
2018-04-21 18:00,0,10.052,9.732,1.737,0
2018-04-22 00:00,0,7.874,8.121,0.505,0
2018-04-22 06:00,640,13.975,9.686,0.418,0
2018-04-22 12:00,415,16.514,9.635,1.87,0
2018-04-22 18:00,0,11.389,9.662,4.616,0.165
2018-04-23 00:00,0,10.897,11.229,4.011,0.1375
2018-04-23 06:00,530,15.232,12.783,6.132,0.17
2018-04-23 12:00,450,15.289,11.203,7.453,0.125
2018-04-23 18:00,0,10.02,9.67,4.179,0.145
2018-04-24 00:00,0,7.512,9.687,4.478,0.0575
2018-04-24 06:00,437.5,11.968,9.648,7.544,0.0275
2018-04-24 12:00,305,11.2,11.249,8.276,0.0775
2018-04-24 18:00,0,8.572,9.662,5.132,0
2018-04-25 00:00,0,8.489,11.219,3.631,0.035
2018-04-25 06:00,195,10.711,11.155,4.344,0.225
2018-04-25 12:00,435,11.267,9.592,7.086,0.07
2018-04-25 18:00,0,6.67,8.05,4.75,0
2018-04-26 00:00,0,5.838,8.053,5.053,0.025
2018-04-26 06:00,497.5,8.775,9.652,6.569,0.2275
2018-04-26 12:00,452.5,10.175,8.054,6.813,0.24
2018-04-26 18:00,0,6.011,8.091,5.286,0
2018-04-27 00:00,0,4.402,8.102,4.755,0
2018-04-27 06:00,665,10.364,8.081,4.889,0.0125
2018-04-27 12:00,357.5,12.159,8.058,3.448,0
2018-04-27 18:00,0,8.663,8.07,3.49,0
2018-04-28 00:00,0,7.297,8.057,2.413,0.095
2018-04-28 06:00,667.5,13.927,9.63,1.5,0
2018-04-28 12:00,485,15.558,9.612,2.51,0.0025
2018-04-28 18:00,0,12.032,9.645,0.945,0
2018-04-29 00:00,0,9.942,9.658,2.198,0
2018-04-29 06:00,662.5,15.164,11.221,0.882,0
2018-04-29 12:00,480,17.854,11.172,1.981,0
2018-04-29 18:00,0,12.577,11.207,4.957,0.1
2018-04-30 00:00,0,11.296,12.752,7.271,0
2018-04-30 06:00,662.5,16.019,12.654,6.212,0.1825
2018-04-30 12:00,350,14.175,11.105,2.789,0.3375
2018-04-30 18:00,0,10.581,11.181,3.117,0
2018-05-01 00:00,0,9.925,9.599,5.728,0
2018-05-01 06:00,587.5,11.861,9.601,7.225,0
2018-05-01 12:00,332.5,11.793,8.022,8.952,0
2018-05-01 18:00,0,7.257,8.075,6.258,0
2018-05-02 00:00,0,5.025,6.486,2.841,0
2018-05-02 06:00,682.5,11.346,8.089,2.596,0
2018-05-02 12:00,385,11.899,8.069,4.086,0
2018-05-02 18:00,0,9.15,8.07,3.79,0.04
2018-05-03 00:00,0,8.79,9.658,1.129,0
2018-05-03 06:00,480,12.793,11.252,3.785,0
2018-05-03 12:00,505,14.213,9.67,5.267,0
2018-05-03 18:00,0,7.888,8.135,2.828,0
2018-05-04 00:00,0,5.628,6.533,2.208,0
2018-05-04 06:00,712.5,11.364,6.521,1.831,0
2018-05-04 12:00,482.5,13.398,8.132,2.16,0
2018-05-04 18:00,0,8.248,8.176,2.56,0
2018-05-05 00:00,0,5.825,6.56,2.489,0
2018-05-05 06:00,702.5,12.423,6.545,2.375,0
2018-05-05 12:00,500,15.15,8.147,1.024,0
2018-05-05 18:00,0,9.902,8.185,1.101,0
2018-05-06 00:00,0,8.11,8.196,1.029,0
2018-05-06 06:00,707.5,14.622,9.784,1.115,0
2018-05-06 12:00,522.5,17.339,9.74,1.549,0
2018-05-06 18:00,0,11.453,9.786,1,0
2018-05-07 00:00,0,9.727,9.791,1.692,0
2018-05-07 06:00,717.5,16.843,9.73,2.339,0
2018-05-07 12:00,522.5,19.038,11.288,3.279,0
2018-05-07 18:00,0,13.316,9.727,3.04,0
2018-05-08 00:00,0,11.249,11.344,3.002,0
2018-05-08 06:00,717.5,17.525,11.266,4.898,0
2018-05-08 12:00,530,18.8,11.215,5.306,0
2018-05-08 18:00,0,13.676,11.261,4.879,0
2018-05-09 00:00,0,12.198,11.263,4.233,0
2018-05-09 06:00,715,18.538,12.78,5.245,0
2018-05-09 12:00,512.5,19.65,12.736,6.189,0
2018-05-09 18:00,0,14.047,12.802,5.203,0
2018-05-10 00:00,0,13.029,12.794,4.213,0
2018-05-10 06:00,702.5,19.006,14.309,5.44,0
2018-05-10 12:00,375,20.142,14.288,4.128,0.33
2018-05-10 18:00,0,15.115,14.42,1.724,0.1625
2018-05-11 00:00,0,12.5,12.893,3.226,0.16
2018-05-11 06:00,392.5,13.671,12.92,3.277,0.015
2018-05-11 12:00,375,15.165,12.908,1.948,0.0875
2018-05-11 18:00,0,11.354,11.345,1.048,0
2018-05-12 00:00,0,10.174,11.352,1.478,0
2018-05-12 06:00,672.5,16.301,12.897,1.426,0.0225
2018-05-12 12:00,460,17.733,12.854,2.564,0
2018-05-12 18:00,0,13.491,14.507,3.441,0
2018-05-13 00:00,0,13.043,12.895,4.402,0
2018-05-13 06:00,722.5,18.472,11.228,6.1,0
2018-05-13 12:00,540,19.402,11.196,6.855,0
2018-05-13 18:00,0,14.75,11.261,5.8,0
2018-05-14 00:00,0,13.251,11.278,4.825,0
2018-05-14 06:00,567.5,17.639,11.244,6.017,0
2018-05-14 12:00,542.5,18.446,11.234,5.589,0
2018-05-14 18:00,0,13.186,11.305,3.899,0
2018-05-15 00:00,0,11.485,9.705,3.524,0
2018-05-15 06:00,695,16.884,11.253,4.937,0.045
2018-05-15 12:00,430,16.462,12.832,5.128,0.29
2018-05-15 18:00,0,12.096,11.28,2.296,0
2018-05-16 00:00,0,11.101,11.279,2.586,0
2018-05-16 06:00,535,15.825,12.826,2.572,0.1275
2018-05-16 12:00,470,17.65,14.376,1.807,0.215
2018-05-16 18:00,0,13.179,12.844,3.708,0.0725
2018-05-17 00:00,0,11.299,11.259,3.333,0
2018-05-17 06:00,545,16.033,12.815,4.309,0
2018-05-17 12:00,405,16.629,14.406,3.569,0.1725
2018-05-17 18:00,0,12.33,12.887,4.175,0
2018-05-18 00:00,0,9.743,11.314,3.276,0
2018-05-18 06:00,495,12.742,11.312,2.189,0.0025
2018-05-18 12:00,340,13.845,11.315,1.122,0
2018-05-18 18:00,0,10.745,11.364,0.116,0
2018-05-19 00:00,0,9.398,9.757,0.597,0
2018-05-19 06:00,662.5,15.322,9.73,2.13,0.005
2018-05-19 12:00,560,17.325,9.707,1.966,0
2018-05-19 18:00,0,11.311,8.151,2.048,0
2018-05-20 00:00,0,8.532,8.179,1.5,0
2018-05-20 06:00,762.5,15.68,9.764,3.062,0
2018-05-20 12:00,572.5,17.345,9.737,4.105,0
2018-05-20 18:00,0,12.003,9.784,4.093,0
2018-05-21 00:00,0,10.585,9.791,3.913,0
2018-05-21 06:00,700,16.989,11.342,5.881,0
2018-05-21 12:00,555,18.125,11.29,6.416,0
2018-05-21 18:00,0,13.5,11.322,5.345,0
2018-05-22 00:00,0,11.455,11.319,3.701,0
2018-05-22 06:00,717.5,18.029,11.245,4.03,0
2018-05-22 12:00,532.5,19.354,11.222,2.608,0
2018-05-22 18:00,0,13.555,11.307,2.62,0
2018-05-23 00:00,0,11.329,11.347,1.604,0
2018-05-23 06:00,745,18.925,12.902,2.103,0
2018-05-23 12:00,552.5,20.393,12.882,2.856,0
2018-05-23 18:00,0,14.846,11.366,3.485,0
2018-05-24 00:00,0,12.81,11.4,4.251,0
2018-05-24 06:00,725,18.375,12.956,5.705,0
2018-05-24 12:00,567.5,19.746,12.906,6.036,0
2018-05-24 18:00,0,15.238,12.97,5.447,0
2018-05-25 00:00,2.5,13.316,11.372,4.658,0
2018-05-25 06:00,750,18.896,12.912,5.354,0
2018-05-25 12:00,440,19.446,12.884,4.233,0
2018-05-25 18:00,0,14.892,12.956,4.467,0.045
2018-05-26 00:00,2.5,13.103,12.98,2.967,0
2018-05-26 06:00,727.5,20.275,14.492,2.638,0
2018-05-26 12:00,392.5,20.351,14.481,2.068,0
2018-05-26 18:00,0,15.309,14.568,3.795,0.0125
2018-05-27 00:00,2.5,13.509,14.585,3.728,0.03
2018-05-27 06:00,740,19.966,16.088,4.051,0.1225
2018-05-27 12:00,450,21.6,14.44,4.935,0
2018-05-27 18:00,0,16.609,16.137,5.652,0.2475
2018-05-28 00:00,2.5,15.462,16.158,5.354,0
2018-05-28 06:00,690,22.2,17.631,5.728,0
2018-05-28 12:00,462.5,23.773,15.977,5.97,0
2018-05-28 18:00,0,19.336,16.065,5.623,0.185
2018-05-29 00:00,2.5,17.425,16.085,3.905,0.1325
2018-05-29 06:00,752.5,22.765,14.388,5.885,0
2018-05-29 12:00,575,24.325,14.319,6.467,0
2018-05-29 18:00,0,19.044,16.005,5.879,0.0425
2018-05-30 00:00,2.5,17.233,16.032,4.713,0.04
2018-05-30 06:00,747.5,23.138,15.935,5.646,0
2018-05-30 12:00,402.5,23.517,15.912,4.986,0
2018-05-30 18:00,0,18.837,16.015,4.865,0
2018-05-31 00:00,2.5,16.921,16.046,5.249,0
2018-05-31 06:00,727.5,22.253,15.963,6.345,0.1475
2018-05-31 12:00,432.5,22.95,15.93,5.851,0
2018-05-31 18:00,0,18.775,14.425,5.234,0
2018-06-01 00:00,2.5,16.578,16.047,4.636,0.0375
2018-06-01 06:00,737.5,23.375,17.494,3.244,0
2018-06-01 12:00,472.5,23.872,17.456,1.719,0
2018-06-01 18:00,0,17.783,17.594,0.933,0
2018-06-02 00:00,2.5,16.496,16.012,0.567,0.18
2018-06-02 06:00,600,20.833,17.529,1.092,0.26
2018-06-02 12:00,530,21.588,17.509,1.705,0.2125
2018-06-02 18:00,0,17.092,16.033,2.639,0
2018-06-03 00:00,5,16.575,16.043,2.993,0.045
2018-06-03 06:00,615,20.934,17.563,3.356,0.015
2018-06-03 12:00,547.5,22.42,17.504,4.328,0.0275
2018-06-03 18:00,0,17.351,17.595,3.41,0
2018-06-04 00:00,5,15.386,16.015,3.378,0
2018-06-04 06:00,627.5,19.96,17.49,4.674,0.1425
2018-06-04 12:00,560,21.925,17.412,5.039,0.0025
2018-06-04 18:00,0,16.719,17.519,3.736,0.015
2018-06-05 00:00,5,14.367,15.986,3.42,0
2018-06-05 06:00,495,17.475,14.384,3.162,0.015
2018-06-05 12:00,580,19.675,14.364,2.192,0.025
2018-06-05 18:00,0,14.709,11.275,3.048,0
2018-06-06 00:00,5,12.184,9.713,4.792,0
2018-06-06 06:00,772.5,16.778,9.686,4.959,0
2018-06-06 12:00,592.5,19.45,9.648,5.19,0
2018-06-06 18:00,0,14.786,11.31,4.566,0
2018-06-07 00:00,7.5,12.935,9.715,3.388,0
2018-06-07 06:00,767.5,18.845,11.266,4.613,0
2018-06-07 12:00,582.5,22.139,12.783,4.082,0
2018-06-07 18:00,0,16.761,12.852,4.159,0
2018-06-08 00:00,7.5,15.224,12.858,2.367,0
2018-06-08 06:00,765,22.807,14.33,2.826,0
2018-06-08 12:00,515,24.303,12.7,3.348,0
2018-06-08 18:00,0,18.783,12.794,3.58,0
2018-06-09 00:00,10,16.954,14.412,3.416,0
2018-06-09 06:00,695,22.961,15.894,4.123,0
2018-06-09 12:00,452.5,23.675,15.857,3.44,0
2018-06-09 18:00,0,19.164,15.946,2.845,0
2018-06-10 00:00,10,17.62,17.541,2.724,0.085
2018-06-10 06:00,637.5,23,17.403,2.563,0.1625
2018-06-10 12:00,385,23.98,18.922,1.738,0.0825
2018-06-10 18:00,0,17.653,17.498,2.863,0
2018-06-11 00:00,7.25,15.3,15.959,4.947,0
2018-06-11 06:00,480,17.775,14.353,5.134,0.16
2018-06-11 12:00,517.5,20.557,14.286,5.911,0.04
2018-06-11 18:00,0,15.731,12.766,4.888,0.005
2018-06-12 00:00,5,12.914,12.792,4.624,0
2018-06-12 06:00,670,16.975,12.751,4.898,0.0025
2018-06-12 12:00,460,17.991,12.747,4.26,0.0075
2018-06-12 18:00,0,14.76,12.793,2.519,0.0125
2018-06-13 00:00,5,13.768,12.802,2.653,0.0225
2018-06-13 06:00,505,16.107,14.365,3.592,0.285
2018-06-13 12:00,417.5,17.286,12.774,5.253,0.09
2018-06-13 18:00,0,14.553,12.834,4.258,0.0725
2018-06-14 00:00,7.5,11.67,11.282,3.758,0
2018-06-14 06:00,585,16.604,11.237,3.427,0.0025
2018-06-14 12:00,600,19.581,11.184,3.853,0
2018-06-14 18:00,0,15.146,12.841,2.756,0.07
2018-06-15 00:00,5,14.107,14.463,3.326,0.1325
2018-06-15 06:00,560,18.325,14.422,2.53,0
2018-06-15 12:00,512.5,20.296,12.804,2.435,0.1025
2018-06-15 18:00,0,16.329,14.472,0.853,0.02
2018-06-16 00:00,7.5,15.227,14.488,0.824,0.095
2018-06-16 06:00,632.5,20.576,14.399,2.295,0.0375
2018-06-16 12:00,370,21.642,14.356,4.153,0
2018-06-16 18:00,0,18.151,14.401,3.538,0.175
2018-06-17 00:00,7.5,17.67,15.985,2.93,0.0275
2018-06-17 06:00,575,21.013,15.923,3.976,0.005
2018-06-17 12:00,520,21.599,14.341,6.005,0
2018-06-17 18:00,0,16.222,14.465,2.737,0
2018-06-18 00:00,10,14.88,12.897,2.697,0
2018-06-18 06:00,755,19.725,12.839,4.411,0.0575
2018-06-18 12:00,447.5,20.418,14.417,4.701,0.0075
2018-06-18 18:00,0,16.975,14.47,3.567,0.0525
2018-06-19 00:00,5,16.035,16.072,4.846,0.1275
2018-06-19 06:00,510,19.808,16.023,7.031,0.2275
2018-06-19 12:00,485,21.379,16.008,6.622,0.0925
2018-06-19 18:00,0,16.45,14.524,4.701,0
2018-06-20 00:00,10,14.096,12.956,3.218,0
2018-06-20 06:00,527.5,19.175,14.476,4.634,0.075
2018-06-20 12:00,495,23.263,17.517,5.383,0.03
2018-06-20 18:00,0,19.616,17.554,3.327,0
2018-06-21 00:00,7.5,17.058,17.549,4.08,0.025
2018-06-21 06:00,392.5,19.888,14.275,6.035,0.0875
2018-06-21 12:00,325,15.05,11.196,8.68,0.16
2018-06-21 18:00,0,12.284,9.655,8.011,0.03
2018-06-22 00:00,10,10.735,9.664,7.363,0
2018-06-22 06:00,590,13.855,11.256,6.728,0.33
2018-06-22 12:00,597.5,17.16,11.233,6.974,0.31
2018-06-22 18:00,0,12.3,11.297,6.552,0.2475
2018-06-23 00:00,7.5,11.327,11.306,7.042,0.0975
2018-06-23 06:00,515,14.554,11.282,6.023,0.1325
2018-06-23 12:00,355,15.254,12.88,6.207,0.27
2018-06-23 18:00,0,12.935,12.912,5.774,0.12
2018-06-24 00:00,7.5,12.278,12.908,5.256,0.095
2018-06-24 06:00,357.5,14.624,12.888,4.434,0.1525
2018-06-24 12:00,417.5,16.121,12.87,4.65,0.165
2018-06-24 18:00,0,13.501,12.902,3.667,0.2275
2018-06-25 00:00,7.5,11.896,12.926,3.437,0
2018-06-25 06:00,740,18.376,12.855,3.645,0
2018-06-25 12:00,532.5,19.55,14.443,5.472,0.2025
2018-06-25 18:00,0,15.15,14.532,3.839,0.1125
2018-06-26 00:00,5,13.625,12.955,1.62,0
2018-06-26 06:00,467.5,17.9,14.522,1.683,0
2018-06-26 12:00,462.5,19.775,14.494,2.995,0.0875
2018-06-26 18:00,0,15.175,14.587,2.648,0.0025
2018-06-27 00:00,5,13,13.014,1.95,0
2018-06-27 06:00,747.5,19.7,12.941,3.839,0.0475
2018-06-27 12:00,557.5,21.475,12.9,3.907,0
2018-06-27 18:00,0,16.525,14.595,2.992,0
2018-06-28 00:00,7.5,14.971,14.599,3.28,0
2018-06-28 06:00,737.5,22.429,14.45,4.657,0
2018-06-28 12:00,447.5,22.896,15.99,2.544,0
2018-06-28 18:00,0,18.855,16.048,2.707,0
2018-06-29 00:00,5,15.605,14.477,3.888,0
2018-06-29 06:00,747.5,21.804,14.369,4.901,0
2018-06-29 12:00,570,21.846,14.359,3.53,0
2018-06-29 18:00,0,15.5,12.892,3.512,0
2018-06-30 00:00,5,12.45,11.337,1.536,0
2018-06-30 06:00,760,18.154,11.283,3.609,0.1425
2018-06-30 12:00,455,18.905,11.267,2.286,0
2018-06-30 18:00,0,14.435,9.718,3.133,0
2018-07-01 00:00,5,12.226,9.746,2.713,0.0575
2018-07-01 06:00,767.5,17.885,9.693,5.007,0
2018-07-01 12:00,460,18.375,11.286,2.967,0
2018-07-01 18:00,0,13.846,9.718,2.624,0
2018-07-02 00:00,2.5,12.028,11.337,2.064,0
2018-07-02 06:00,742.5,18.842,11.245,3.27,0.01
2018-07-02 12:00,502.5,20.78,11.204,3.381,0
2018-07-02 18:00,0,15.968,11.256,4.072,0
2018-07-03 00:00,2.5,13.404,11.279,2.85,0
2018-07-03 06:00,745,21.15,11.188,3.324,0
2018-07-03 12:00,602.5,23.6,11.139,4.522,0
2018-07-03 18:00,0,17.975,14.405,2.395,0
2018-07-04 00:00,2.5,15.454,12.846,2.362,0
2018-07-04 06:00,757.5,23.45,14.301,2.827,0
2018-07-04 12:00,607.5,24.786,12.678,4.126,0
2018-07-04 18:00,0,18.065,14.361,2.239,0
2018-07-05 00:00,2.5,16.218,14.38,2.773,0
2018-07-05 06:00,597.5,22.261,15.854,3.857,0.055
2018-07-05 12:00,435,23.425,15.81,4.839,0.045
2018-07-05 18:00,0,17.77,15.946,4.19,0.0075
2018-07-06 00:00,2.5,14.268,14.427,3.81,0.03
2018-07-06 06:00,362.5,17.6,14.401,5.505,0.035
2018-07-06 12:00,482.5,20.618,14.359,6.44,0.01
2018-07-06 18:00,0,16.773,12.847,5.775,0
2018-07-07 00:00,2.5,12.531,11.305,4.746,0
2018-07-07 06:00,670,18.433,12.844,5.618,0
2018-07-07 12:00,587.5,22.462,12.777,5.226,0
2018-07-07 18:00,0,17.214,16.063,3.659,0
2018-07-08 00:00,2.5,14.214,14.524,1.778,0
2018-07-08 06:00,590,19.721,16.048,1.36,0.01
2018-07-08 12:00,565,23.198,17.553,2.282,0.2225
2018-07-08 18:00,0,17.733,16.067,2.783,0
2018-07-09 00:00,2.5,14.753,14.507,3.858,0
2018-07-09 06:00,637.5,19.675,14.41,5.799,0.0925
2018-07-09 12:00,580,20.773,12.784,5.718,0
2018-07-09 18:00,0,15.925,12.852,2.75,0.005
2018-07-10 00:00,2.5,14.275,12.872,1.545,0.0525
2018-07-10 06:00,352.5,16.298,12.859,1.12,0.075
2018-07-10 12:00,355,18.373,14.422,3.625,0.0025
2018-07-10 18:00,0,15.415,16.069,3.902,0.4575
2018-07-11 00:00,2.5,15.025,16.058,3.637,0
2018-07-11 06:00,542.5,18.646,17.578,2.65,0.1875
2018-07-11 12:00,570,20.9,15.935,3.181,0.185
2018-07-11 18:00,0,16.257,16.028,2.735,0.02
2018-07-12 00:00,0,15.75,16.016,2.782,0.1725
2018-07-12 06:00,395,17.806,17.563,2.381,0.085
2018-07-12 12:00,370,20.546,17.512,0.625,0.0575
2018-07-12 18:00,0,17.429,17.597,3.265,0
2018-07-13 00:00,0,15.9,16.04,3.395,0
2018-07-13 06:00,707.5,21.864,17.527,3.838,0.0575
2018-07-13 12:00,577.5,24.189,15.897,4.303,0.125
2018-07-13 18:00,0,18.425,16.025,4.176,0
2018-07-14 00:00,0,15.3,14.484,4.811,0
2018-07-14 06:00,710,20.075,16.008,5.062,0
2018-07-14 12:00,575,21.595,14.38,5.387,0
2018-07-14 18:00,0,16.225,14.474,3.277,0
2018-07-15 00:00,0,14.05,14.503,3.519,0
2018-07-15 06:00,665,19.818,14.416,3.614,0
2018-07-15 12:00,580,22.666,15.929,2.079,0
2018-07-15 18:00,0,17.87,16.024,2.613,0
2018-07-16 00:00,0,15.671,16.052,2.52,0
2018-07-16 06:00,715,22.722,15.907,2.51,0
2018-07-16 12:00,505,24.985,15.825,2.019,0
2018-07-16 18:00,0,19.29,17.524,2.142,0
2018-07-17 00:00,0,18.047,17.537,3.11,0.1525
2018-07-17 06:00,447.5,21.92,17.454,2.953,0.105
2018-07-17 12:00,235,23.169,18.988,4.391,0.26
2018-07-17 18:00,0,19.22,17.511,3.245,0.1125
2018-07-18 00:00,0,18.175,17.527,5.205,0
2018-07-18 06:00,330,20.014,17.519,5.504,0.2425
2018-07-18 12:00,405,22.375,17.477,5.342,0.11
2018-07-18 18:00,0,18.755,19.157,4.191,0.095
2018-07-19 00:00,0,16.895,16.022,5.612,0.035
2018-07-19 06:00,502.5,20.295,17.559,5.704,0.005
2018-07-19 12:00,480,22.836,15.916,5.132,0.065
2018-07-19 18:00,0,18.325,16.008,3.405,0
2018-07-20 00:00,0,15.55,14.45,3.716,0
2018-07-20 06:00,720,21.425,14.347,4.512,0
2018-07-20 12:00,520,23.425,14.29,3.876,0
2018-07-20 18:00,0,18.35,14.374,2.252,0
2018-07-21 00:00,0,16.125,14.403,2.531,0
2018-07-21 06:00,692.5,22.339,14.3,2.266,0
2018-07-21 12:00,557.5,24.964,14.235,2.325,0
2018-07-21 18:00,0,19.302,14.345,1.343,0
2018-07-22 00:00,0,17.907,14.368,0.659,0
2018-07-22 06:00,590,23.782,15.849,1.046,0
2018-07-22 12:00,460,25.159,15.816,0.605,0
2018-07-22 18:00,0,19.993,15.935,1.162,0
2018-07-23 00:00,0,17.272,16,2.357,0.0025
2018-07-23 06:00,705,23.275,15.898,3.469,0.065
2018-07-23 12:00,517.5,24.998,15.859,4.058,0
2018-07-23 18:00,0,20.055,19.148,2.237,0
2018-07-24 00:00,0,17.91,17.612,2.05,0
2018-07-24 06:00,692.5,24.65,19.033,1.439,0
2018-07-24 12:00,540,26.428,20.522,1.299,0.15
2018-07-24 18:00,540,26.428,20.522,1.299,0.15
2018-07-25 00:00,540,26.428,20.522,1.299,0.15
2018-07-25 06:00,540,26.428,20.522,1.299,0.15
2018-07-25 12:00,540,26.428,20.522,1.299,0.15
2018-07-25 18:00,0,22.014,20.686,1.823,0.1375
2018-07-26 00:00,0,19.702,19.174,1.89,0
2018-07-26 06:00,690,25.904,17.46,3.176,0
2018-07-26 12:00,547.5,28.043,17.391,2.903,0
2018-07-26 18:00,0,22.371,20.71,2.991,0
2018-07-27 00:00,0,20.113,20.769,3.109,0
2018-07-27 06:00,682.5,26.071,20.598,4.875,0.2025
2018-07-27 12:00,537.5,27.507,20.509,5.619,0
2018-07-27 18:00,0,22.247,20.646,4.549,0
2018-07-28 00:00,0,20.439,20.642,3.599,0
2018-07-28 06:00,682.5,26.114,20.446,4.253,0
2018-07-28 12:00,462.5,27.925,20.358,3.523,0
2018-07-28 18:00,0,21.831,20.565,1.097,0.39
2018-07-29 00:00,0,19.295,19.11,4.201,0
2018-07-29 06:00,690,23.473,17.479,3.697,0
2018-07-29 12:00,550,25.586,15.853,1.677,0
2018-07-29 18:00,0,20.576,15.968,0.603,0
2018-07-30 00:00,0,19.427,17.587,2.434,0
2018-07-30 06:00,660,25.914,19.025,2.769,0
2018-07-30 12:00,495,28.224,17.378,2.371,0.0025
2018-07-30 18:00,0,21.983,15.964,3.137,0.11
2018-07-31 00:00,0,20.582,17.581,2.421,0
2018-07-31 06:00,680,27.575,20.549,4.22,0
2018-07-31 12:00,517.5,29.846,18.884,4.49,0
2018-07-31 18:00,0,24.187,20.638,3.908,0.14
2018-08-01 00:00,0,22.156,20.717,1.467,0.07
2018-08-01 06:00,642.5,27.075,20.604,1.17,0
2018-08-01 12:00,525,29.684,20.515,1.277,0
2018-08-01 18:00,0,23.209,20.735,2.877,0.055
2018-08-02 00:00,0,21.073,20.811,2.79,0.12
2018-08-02 06:00,497.5,24.58,19.152,2.067,0
2018-08-02 12:00,475,27.48,19.063,2.382,0.1575
2018-08-02 18:00,0,22,19.224,2.099,0.1375
2018-08-03 00:00,0,19.87,16.088,2.282,0
2018-08-03 06:00,677.5,25.753,15.956,0.618,0
2018-08-03 12:00,530,28.285,17.436,2.046,0
2018-08-03 18:00,0,22.62,17.561,0.643,0
2018-08-04 00:00,0,20.962,17.578,1.126,0
2018-08-04 06:00,615,27.406,17.407,2.133,0
2018-08-04 12:00,412.5,28.128,17.366,4.331,0
2018-08-04 18:00,0,21.789,19.116,3.636,0.135
2018-08-05 00:00,0,18.539,17.609,5.106,0.01
2018-08-05 06:00,600,21.697,15.982,6.59,0.1325
2018-08-05 12:00,507.5,23.371,14.355,6.611,0.0525
2018-08-05 18:00,0,18.773,14.447,4.969,0
2018-08-06 00:00,0,16.602,14.481,4.502,0.0175
2018-08-06 06:00,670,21.65,14.393,4.221,0
2018-08-06 12:00,512.5,24.95,14.303,2.714,0
2018-08-06 18:00,0,20.294,14.381,1.39,0
2018-08-07 00:00,0,19.188,15.974,3.078,0
2018-08-07 06:00,667.5,25.8,15.823,3.917,0
2018-08-07 12:00,520,29.74,14.136,3.689,0
2018-08-07 18:00,0,25.302,17.36,5.791,0
2018-08-08 00:00,0,22.44,17.407,5.219,0
2018-08-08 06:00,632.5,27.801,20.395,5.685,0.1125
2018-08-08 12:00,415,31.096,18.722,3.781,0.1975
2018-08-08 18:00,0,23.242,20.572,3.477,0.13
2018-08-09 00:00,0,19.821,19.136,3.261,0.11
2018-08-09 06:00,652.5,25.421,19.01,1.28,0
2018-08-09 12:00,495,28.8,17.299,3.981,0.105
2018-08-09 18:00,0,24.281,22.055,5.904,0.1175
2018-08-10 00:00,0,20.651,20.646,7.473,0
2018-08-10 06:00,507.5,20.987,15.984,8.662,0.0825
2018-08-10 12:00,415,21.739,12.826,6.507,0.025
2018-08-10 18:00,0,19.032,12.882,2.062,0
2018-08-11 00:00,0,17.458,14.481,4.59,0.235
2018-08-11 06:00,395,18.827,12.839,6.161,0.21
2018-08-11 12:00,382.5,19.755,12.807,8.119,0.2425
2018-08-11 18:00,0,15.865,11.274,7.209,0.16
2018-08-12 00:00,0,14.325,11.292,5.564,0
2018-08-12 06:00,497.5,19.559,12.819,5.915,0.1725
2018-08-12 12:00,390,22.012,11.161,4.938,0
2018-08-12 18:00,0,17.048,12.796,1.532,0
2018-08-13 00:00,0,16.808,14.358,3.177,0
2018-08-13 06:00,427.5,22.897,15.808,3.165,0
2018-08-13 12:00,355,23.458,15.774,2.029,0
2018-08-13 18:00,0,19.256,17.429,3.776,0.3125
2018-08-14 00:00,0,17.721,17.452,3.208,0.13
2018-08-14 06:00,592.5,20.813,17.41,6.255,0.1375
2018-08-14 12:00,385,22.176,17.391,5.819,0.2825
2018-08-14 18:00,0,18.272,17.523,4.663,0
2018-08-15 00:00,0,16.536,16.005,5.147,0
2018-08-15 06:00,515,19.828,15.99,4.533,0.1275
2018-08-15 12:00,365,22.128,15.957,4.492,0
2018-08-15 18:00,0,18.085,16.054,2.245,0.0775
2018-08-16 00:00,0,17.235,16.071,2.212,0.0525
2018-08-16 06:00,620,23.005,17.537,4.11,0.1025
2018-08-16 12:00,475,25.279,15.866,3.282,0
2018-08-16 18:00,0,21.121,15.939,4.02,0
2018-08-17 00:00,0,18.767,15.984,1.141,0
2018-08-17 06:00,625,24.225,15.879,1.109,0
2018-08-17 12:00,412.5,26.1,17.403,3.183,0.1175
2018-08-17 18:00,0,19.101,17.605,3.893,0.13
2018-08-18 00:00,0,16.445,16.095,2.989,0
2018-08-18 06:00,630,21.344,14.428,2.574,0
2018-08-18 12:00,412.5,22.922,14.387,4.028,0
2018-08-18 18:00,0,19,14.466,2.799,0
2018-08-19 00:00,0,17.589,14.486,4.088,0.02
2018-08-19 06:00,492.5,22.439,15.992,4.109,0.045
2018-08-19 12:00,435,24.589,14.322,4.155,0
2018-08-19 18:00,0,19.986,14.386,1.923,0
2018-08-20 00:00,0,18.539,15.969,4.592,0
2018-08-20 06:00,487.5,21.842,17.495,6.48,0.1925
2018-08-20 12:00,287.5,21.183,15.948,6.446,0.06
2018-08-20 18:00,0,18.143,16.029,5.238,0.045
2018-08-21 00:00,0,15.082,14.51,4.11,0
2018-08-21 06:00,615,19.207,12.873,3.604,0
2018-08-21 12:00,457.5,21.364,12.838,2.644,0
2018-08-21 18:00,0,16.427,12.918,0.833,0
2018-08-22 00:00,0,14.995,12.935,1.893,0
2018-08-22 06:00,620,21.085,12.836,3.296,0
2018-08-22 12:00,450,24.255,12.745,2.767,0
2018-08-22 18:00,0,19.625,14.393,3.867,0
2018-08-23 00:00,0,18.58,14.384,2.677,0
2018-08-23 06:00,610,25.08,15.81,2.657,0
2018-08-23 12:00,397.5,27.5,15.711,3.112,0
2018-08-23 18:00,0,21.361,17.399,1.886,0.03
2018-08-24 00:00,0,18.689,18.995,2.647,0.3125
2018-08-24 06:00,547.5,21.85,18.927,5.587,0.185
2018-08-24 12:00,412.5,20.947,14.251,7.444,0.12
2018-08-24 18:00,0,17.05,11.167,4.915,0.0175
2018-08-25 00:00,0,15.075,12.777,4.386,0.0175
2018-08-25 06:00,470,17.873,11.147,5.436,0.165
2018-08-25 12:00,340,17.865,11.138,4.258,0.475
2018-08-25 18:00,0,13.39,11.212,4.752,0
2018-08-26 00:00,0,12.445,11.243,4.178,0.025
2018-08-26 06:00,605,16.645,11.222,5.942,0.125
2018-08-26 12:00,380,18.589,9.61,5.499,0
2018-08-26 18:00,0,14.864,9.655,2.662,0
2018-08-27 00:00,0,14.486,9.641,5.644,0
2018-08-27 06:00,207.5,17.415,9.594,8.24,0.0725
2018-08-27 12:00,125,18.68,14.334,6.426,0.1075
2018-08-27 18:00,0,16.775,14.39,5.704,0.1525
2018-08-28 00:00,0,14.955,14.458,4.563,0.1
2018-08-28 06:00,595,18.975,12.838,4.655,0
2018-08-28 12:00,370,20.371,12.835,3.936,0
2018-08-28 18:00,0,16.398,14.5,0.366,0.05
2018-08-29 00:00,0,15.296,14.508,1.238,0.13
2018-08-29 06:00,392.5,20.236,14.418,3.697,0.035
2018-08-29 12:00,415,22.953,14.325,5.139,0
2018-08-29 18:00,0,18.828,14.38,5.679,0
2018-08-30 00:00,0,17.45,14.377,3.017,0
2018-08-30 06:00,247.5,19.13,15.943,0.959,0.0975
2018-08-30 12:00,137.5,18.675,17.556,1.208,0.23
2018-08-30 18:00,0,15.9,16.045,4.126,0
2018-08-31 00:00,0,14.03,14.483,5.733,0.055
2018-08-31 06:00,550,17.379,14.46,5.432,0
2018-08-31 12:00,260,19.129,12.848,3.764,0.1875
2018-08-31 18:00,0,15.225,12.927,2.629,0
2018-09-01 00:00,0,13.515,12.963,3.08,0
2018-09-01 06:00,537.5,18.304,14.534,3.149,0.04
2018-09-01 12:00,275,19.512,14.524,1.723,0.07
2018-09-01 18:00,0,15.884,16.218,2.538,0.0725
2018-09-02 00:00,0,14.794,14.626,3.137,0
2018-09-02 06:00,487.5,19.079,16.169,5.053,0
2018-09-02 12:00,382.5,21.954,16.083,5.372,0
2018-09-02 18:00,0,18.558,17.731,5.365,0
2018-09-03 00:00,0,17.7,17.723,5.572,0.0375
2018-09-03 06:00,552.5,21.614,17.624,6.003,0
2018-09-03 12:00,375,23.187,17.548,5.812,0
2018-09-03 18:00,0,18.4,17.639,4.696,0
2018-09-04 00:00,0,16.292,16.076,3.566,0
2018-09-04 06:00,470,19.825,16.013,3.834,0.0875
2018-09-04 12:00,300,21.5,15.967,3.263,0.01
2018-09-04 18:00,0,16.799,16.076,2.589,0
2018-09-05 00:00,0,15.521,16.105,2.444,0
2018-09-05 06:00,550,20.206,16.038,2.761,0
2018-09-05 12:00,332.5,21.836,14.395,2.341,0
2018-09-05 18:00,0,17.204,16.066,3.343,0
2018-09-06 00:00,0,16.422,16.062,2.894,0
2018-09-06 06:00,547.5,20.461,15.973,4.374,0.085
2018-09-06 12:00,307.5,21.659,15.907,4.114,0
2018-09-06 18:00,0,17.506,15.964,4.759,0
2018-09-07 00:00,0,16.478,15.955,3.476,0.16
2018-09-07 06:00,392.5,19.694,15.912,3.152,0.165
2018-09-07 12:00,350,20.998,15.884,2.709,0.1825
2018-09-07 18:00,0,16.398,14.421,4.652,0
2018-09-08 00:00,0,13.527,11.289,4.064,0
2018-09-08 06:00,552.5,17.056,11.272,6.376,0
2018-09-08 12:00,352.5,19.5,11.249,4.68,0
2018-09-08 18:00,0,15.45,11.313,2.019,0.155
2018-09-09 00:00,0,14.986,11.318,3.985,0.12
2018-09-09 06:00,430,19.198,12.878,3.309,0.08
2018-09-09 12:00,350,21.595,12.834,2.822,0
2018-09-09 18:00,0,16.87,12.911,1.878,0
2018-09-10 00:00,0,15.957,12.911,3.501,0
2018-09-10 06:00,442.5,20.95,14.425,4.931,0
2018-09-10 12:00,195,21.53,14.407,3.961,0
2018-09-10 18:00,0,17.58,14.486,2.386,0
2018-09-11 00:00,0,16.325,14.497,3.815,0.0325
2018-09-11 06:00,282.5,18.807,14.446,6.659,0.155
2018-09-11 12:00,165,21.495,14.369,8.064,0
2018-09-11 18:00,0,18.625,16.024,6.39,0.0825
2018-09-12 00:00,0,16.481,14.466,4.806,0
2018-09-12 06:00,295,20.057,14.407,6.333,0.03
2018-09-12 12:00,220,19.875,14.42,5.948,0.005
2018-09-12 18:00,0,14.953,12.925,3.969,0
2018-09-13 00:00,0,13.787,12.945,2.787,0
2018-09-13 06:00,290,14.609,12.942,1.511,0.0575
2018-09-13 12:00,235,15.85,12.907,1.313,0
2018-09-13 18:00,0,13.6,12.938,1.859,0
2018-09-14 00:00,0,13.1,12.938,2.528,0
2018-09-14 06:00,385,16.291,12.906,2.63,0.065
2018-09-14 12:00,267.5,18.05,12.869,3.387,0.055
2018-09-14 18:00,0,15.441,12.895,3.015,0.1175
2018-09-15 00:00,0,14.441,12.89,4.681,0.18
2018-09-15 06:00,510,17.009,12.877,6.919,0.125
2018-09-15 12:00,195,17.775,12.883,6.15,0.1275
2018-09-15 18:00,0,14.179,12.958,3.457,0.0825
2018-09-16 00:00,0,12.233,11.377,2.084,0
2018-09-16 06:00,487.5,16.723,11.335,3.026,0
2018-09-16 12:00,265,19.047,12.882,4.057,0
2018-09-16 18:00,0,16.35,12.907,4.129,0
2018-09-17 00:00,0,15.339,12.9,4.881,0
2018-09-17 06:00,480,19.65,12.845,4.602,0
2018-09-17 12:00,285,22.153,12.789,3.375,0
2018-09-17 18:00,0,17.4,12.863,2.228,0
2018-09-18 00:00,0,16.475,12.854,3.512,0
2018-09-18 06:00,482.5,21.155,14.365,4.734,0
2018-09-18 12:00,297.5,25.266,14.244,5.095,0
2018-09-18 18:00,0,19.883,15.933,3.567,0
2018-09-19 00:00,0,16.67,16.023,3.106,0
2018-09-19 06:00,480,20.782,15.985,3.939,0
2018-09-19 12:00,282.5,23.718,15.903,4.204,0
2018-09-19 18:00,0,20.177,15.971,4.108,0
2018-09-20 00:00,0,17.936,16.023,3.99,0
2018-09-20 06:00,445,21.25,15.968,4.744,0
2018-09-20 12:00,212.5,23.717,15.878,5.118,0.0775
2018-09-20 18:00,0,19.754,15.925,3.413,0
2018-09-21 00:00,0,19.093,15.886,5.769,0
2018-09-21 06:00,442.5,23.018,15.742,8.94,0
2018-09-21 12:00,87.5,20.305,15.765,9.238,0.2975
2018-09-21 18:00,0,13.468,11.192,9.211,0
2018-09-22 00:00,0,12.186,9.637,8.991,0.25
2018-09-22 06:00,395,14.55,9.648,8.593,0.13
2018-09-22 12:00,227.5,15.625,9.636,9.09,0.12
2018-09-22 18:00,0,12.496,9.663,6.955,0.1625
2018-09-23 00:00,0,11.15,11.267,6.433,0.085
2018-09-23 06:00,315,13.304,9.64,4.863,0.0025
2018-09-23 12:00,72.5,11.717,11.209,2.393,0.2
2018-09-23 18:00,0,10.471,9.634,7.098,0.1025
2018-09-24 00:00,0,9.559,8.079,8.315,0
2018-09-24 06:00,372.5,11.509,8.107,9.16,0.1325
2018-09-24 12:00,240,12.518,8.132,8.477,0.21
2018-09-24 18:00,0,8.978,6.551,6.406,0
2018-09-25 00:00,0,8.007,6.577,5.856,0
2018-09-25 06:00,475,11.716,8.228,5.421,0
2018-09-25 12:00,262.5,13.323,8.223,5.084,0
2018-09-25 18:00,0,9.919,8.247,4.542,0
2018-09-26 00:00,0,9.736,8.224,7.064,0.0475
2018-09-26 06:00,260,12.55,8.181,10.046,0
2018-09-26 12:00,137.5,15.398,9.743,10.43,0
2018-09-26 18:00,0,14.565,11.36,8.571,0
2018-09-27 00:00,0,13.707,11.367,7.035,0.075
2018-09-27 06:00,405,16.679,12.953,6.57,0
2018-09-27 12:00,217.5,19.33,14.465,7.305,0
2018-09-27 18:00,0,15.713,14.476,7.12,0.0825
2018-09-28 00:00,0,12.227,11.298,7.096,0
2018-09-28 06:00,410,13.582,9.711,7.229,0.0025
2018-09-28 12:00,230,14.154,8.11,6.796,0.08
2018-09-28 18:00,0,9.763,8.163,5.314,0
2018-09-29 00:00,0,7.92,8.187,3.707,0
2018-09-29 06:00,442.5,12.085,8.175,3.971,0
2018-09-29 12:00,197.5,13.55,8.144,4.801,0.1025
2018-09-29 18:00,0,10.74,8.144,5.336,0.1175
2018-09-30 00:00,0,9.302,8.126,5.818,0.06
2018-09-30 06:00,390,12.849,8.085,5.966,0
2018-09-30 12:00,172.5,15.275,9.641,4.598,0.075
2018-09-30 18:00,0,10.8,9.662,2.986,0.0975
2018-10-01 00:00,0,9.262,9.652,2.208,0.1
2018-10-01 06:00,315,12.274,9.633,3.581,0.0275
2018-10-01 12:00,132.5,12.666,9.634,4.871,0.195
2018-10-01 18:00,0,9.118,9.68,4.954,0.025
2018-10-02 00:00,0,7.596,8.082,5.99,0.025
2018-10-02 06:00,230,10.034,8.061,8.339,0.1875
2018-10-02 12:00,22.5,9.997,9.614,9.825,0.1775
2018-10-02 18:00,0,10.59,9.596,10.397,0.285
2018-10-03 00:00,0,9.884,9.604,10.568,0.2325
2018-10-03 06:00,285,10.88,8.049,9.951,0.215
2018-10-03 12:00,182.5,12.904,8.08,8.293,0.085
2018-10-03 18:00,0,9.7,8.128,6.522,0
2018-10-04 00:00,0,8.75,9.769,5.47,0
2018-10-04 06:00,275,12.004,9.761,4.463,0
2018-10-04 12:00,92.5,14.122,12.968,5.312,0.05
2018-10-04 18:00,0,12.394,12.984,5.379,0.2675
2018-10-05 00:00,0,11.825,12.977,5.436,0.0125
2018-10-05 06:00,292.5,14.622,12.939,5.171,0
2018-10-05 12:00,165,17.136,12.877,3.686,0
2018-10-05 18:00,0,13.214,11.287,4.634,0
2018-10-06 00:00,0,11.65,11.27,4.163,0
2018-10-06 06:00,400,14.917,11.212,3.562,0
2018-10-06 12:00,180,17.431,12.748,1.982,0
2018-10-06 18:00,0,13.915,12.785,1.386,0
2018-10-07 00:00,0,12.2,12.799,2.16,0.105
2018-10-07 06:00,210,11.455,9.673,7.145,0
2018-10-07 12:00,117.5,11.505,8.11,4.136,0
2018-10-07 18:00,0,8.542,8.148,1.651,0
2018-10-08 00:00,0,7.762,8.154,3.009,0
2018-10-08 06:00,357.5,11.162,8.137,5.275,0
2018-10-08 12:00,122.5,13.345,8.111,4.344,0
2018-10-08 18:00,0,10.536,9.75,3.874,0
2018-10-09 00:00,0,9.716,9.752,3.765,0
2018-10-09 06:00,337.5,13.391,11.349,4.515,0
2018-10-09 12:00,132.5,15.871,12.927,3.775,0
2018-10-09 18:00,0,13.14,12.974,3.235,0
2018-10-10 00:00,0,12.028,11.374,2.149,0
2018-10-10 06:00,372.5,15.946,12.964,2.04,0
2018-10-10 12:00,157.5,17.94,12.913,3.755,0
2018-10-10 18:00,0,15.081,12.946,5.548,0
2018-10-11 00:00,0,13.926,12.94,6.022,0
2018-10-11 06:00,380,16.582,11.296,7.598,0
2018-10-11 12:00,157.5,19.05,11.243,6.447,0
2018-10-11 18:00,0,15.849,12.894,5.792,0
2018-10-12 00:00,0,14,11.318,5.187,0
2018-10-12 06:00,367.5,16.886,12.918,5.138,0
2018-10-12 12:00,147.5,19.8,12.883,2.87,0
2018-10-12 18:00,0,16.174,12.95,3.992,0
2018-10-13 00:00,0,14.875,12.972,4.014,0
2018-10-13 06:00,357.5,17.715,12.937,4.435,0
2018-10-13 12:00,140,19.961,12.878,3.83,0
2018-10-13 18:00,0,15.687,11.312,5.369,0
2018-10-14 00:00,0,13.9,11.31,5.312,0
2018-10-14 06:00,365,16.144,11.269,6.615,0
2018-10-14 12:00,140,19.55,11.197,5.726,0
2018-10-14 18:00,0,15.767,11.244,5.422,0
2018-10-15 00:00,0,13.461,9.668,4.385,0
2018-10-15 06:00,350,16.3,9.65,5.323,0
2018-10-15 12:00,130,18.608,11.218,3.629,0
2018-10-15 18:00,0,14.614,11.276,3.631,0
2018-10-16 00:00,0,13.297,11.295,2.288,0
2018-10-16 06:00,340,16.604,11.275,2.342,0
2018-10-16 12:00,122.5,17.681,11.265,1.074,0
2018-10-16 18:00,0,13.739,11.318,0.86,0
2018-10-17 00:00,0,12.414,11.33,0.832,0
2018-10-17 06:00,330,16,11.298,1.945,0
2018-10-17 12:00,117.5,16.89,11.279,1.267,0
2018-10-17 18:00,0,13.326,11.324,1.392,0
2018-10-18 00:00,0,12.226,11.329,1.593,0
2018-10-18 06:00,275,14.971,11.311,3.208,0
2018-10-18 12:00,85,14.95,11.324,4.128,0
2018-10-18 18:00,0,11.66,11.382,4.197,0
2018-10-19 00:00,0,9.619,9.782,2.616,0
2018-10-19 06:00,240,11.29,9.782,2.026,0
2018-10-19 12:00,105,12.285,9.767,1.322,0
2018-10-19 18:00,0,8.867,8.172,2.596,0.0125
2018-10-20 00:00,0,8.025,8.176,3.383,0.0875
2018-10-20 06:00,287.5,11.247,8.168,4.577,0.09
2018-10-20 12:00,75,12.166,9.79,3.86,0
2018-10-20 18:00,0,10.301,9.808,3.394,0.095
2018-10-21 00:00,0,7.996,9.826,2.299,0
2018-10-21 06:00,310,11.713,9.807,2.466,0
2018-10-21 12:00,85,12.799,9.782,3.93,0
2018-10-21 18:00,0,10.356,9.79,4.886,0
2018-10-22 00:00,0,9.638,11.4,5.485,0
2018-10-22 06:00,230,10.844,9.778,5.948,0
2018-10-22 12:00,97.5,11.178,8.162,6.123,0
2018-10-22 18:00,0,7.983,8.175,6.398,0
2018-10-23 00:00,0,8.312,8.102,10.826,0.0375
2018-10-23 06:00,42.5,10.135,9.621,12.324,0.075
2018-10-23 12:00,37.5,11.397,11.162,11.277,0.105
2018-10-23 18:00,0,11.06,9.575,11.614,0.245
2018-10-24 00:00,0,8.984,8.016,10.129,0.105
2018-10-24 06:00,282.5,9.189,6.45,9.057,0.18
2018-10-24 12:00,90,9.75,6.469,6.749,0
2018-10-24 18:00,0,8.333,8.084,5.651,0
2018-10-25 00:00,0,11.485,11.213,9.688,0.1275
2018-10-25 06:00,92.5,11.272,9.597,10.509,0.0925
2018-10-25 12:00,40,11.336,9.607,8.449,0.2
2018-10-25 18:00,0,9.839,9.634,6.979,0.085
2018-10-26 00:00,0,8.292,8.033,5.147,0.045
2018-10-26 06:00,165,10.396,9.602,5.627,0.0375
2018-10-26 12:00,25,11.226,11.14,6.643,0.19
2018-10-26 18:00,0,10,9.537,7.162,0.105
2018-10-27 00:00,0,8.161,7.948,8.218,0.2525
2018-10-27 06:00,215,8.429,7.971,8.017,0.135
2018-10-27 12:00,35,7.267,6.427,5.164,0.0325
2018-10-27 18:00,0,4.871,6.47,4.384,0.025
2018-10-28 00:00,0,4.283,6.488,4.311,0.0275
2018-10-28 06:00,215,6.16,6.5,6.137,0.07
2018-10-28 12:00,20,6.79,6.499,6.908,0.1375
2018-10-28 18:00,0,6.44,6.497,8.269,0.06
2018-10-29 00:00,0,6.202,6.485,8.996,0.195
2018-10-29 06:00,90,6.063,6.474,9.539,0.115
2018-10-29 12:00,17.5,6.626,8.049,9.499,0.0025
2018-10-29 18:00,0,7.399,9.599,9.21,0
2018-10-30 00:00,0,11.398,12.648,8.883,0
2018-10-30 06:00,155,15.974,12.574,9.512,0
2018-10-30 12:00,47.5,14.763,11.048,5.949,0.1075
2018-10-30 18:00,0,9.722,7.979,9.816,0.1325
2018-10-31 00:00,0,9.722,7.979,9.816,0.1325
2018-10-31 06:00,0,9.722,7.979,9.816,0.1325
2018-10-31 12:00,0,9.722,7.979,9.816,0.1325
2018-10-31 18:00,0,9.722,7.979,9.816,0.1325